Name	Price	Cheapest - Option	Cheapest - Shipping Cost	Cheapest - Taxes & Fees	Cheapest ETA - Days	Fastest Option - Days	Fastest - Shipping Cost	Fastest - Taxes & Fees	Group	Category	Vendor	URL
Smart Phone Car Mount	3.99	Standard Shipping	3.04	0	7	3	10.09	0	Plat+/Iridium	Accessories	Amazon	https://www.amazon.com/dp/B01AIQ0CJ4/ref=cm_gf_aAN_i18_d_p0_qd21_____________________gqLLT3G9z3m7QjUO0II0
Xbox One/PS4 Universal Tool Kit	1.99	Standard Shipping	2.99	0	30	7	37.99	0	Plat+/Iridium	Accessories	Amazon	https://www.amazon.com/Tiean-Compatible-Universal-Professional-Players/dp/B07GP3BK4T/ref=sr_1_8?s=toys-and-games&ie=UTF8&qid=1544679666&sr=1-8&keywords=ps4+controller+cable
One Finger Death Punch - Steam Game	4.99	Steam Game	0						Plat+/Iridium	Games	Steam	https://store.steampowered.com/app/264200/One_Finger_Death_Punch/
Don't Starve Together: Beating Heart Chest - Steam Game	4.99	Steam Game	0						Plat+/Iridium	Games	Steam	https://store.steampowered.com/app/798740/Dont_Starve_Together_Beating_Heart_Chest/
Golf With Your Friends - Steam Game	5.99	Steam Game	0						Plat+/Iridium	Games	Steam	https://store.steampowered.com/app/431240/Golf_With_Your_Friends/
Town of Salem - Steam Game	5.99	Steam Game	0						Plat+/Iridium	Games	Steam	https://store.steampowered.com/app/334230/Town_of_Salem/
Rankie HDMI Cable	5.99	Prime Shipping	0	0.43	2		5.99	0.86	Plat+/Iridium	Electronics	Amazon	https://www.amazon.com/Rankie-Cable-Supports-Ethernet-Return/dp/B01IP1Q4B4/ref=as_li_ss_tl?s=electronics&ie=UTF8&qid=1521654324&sr=1-13&keywords=hdmi+cable&linkCode=sl1&tag=bestlife0c1-20&linkId=776ada145f38f04a8f789cee5b24af84
500 Piece Googly Eyes	4.79	Prime Shipping	0		3		0		Plat+/Iridium	Other	Amazon	https://www.amazon.com/DECORA-Pieces-Wiggle-Googly-Self-adhesive/dp/B01LWIYJH3/ref=lp_17324748011_1_1?srs=17324748011&ie=UTF8&qid=1544691752&sr=8-1
Chain Accessory	5.99	Prime Shipping	0		7		0		Plat+/Iridium	Accessories	Amazon	https://www.amazon.com/Key-Chain-Accessories-Women-Artificial/dp/B01AMZPHMS/ref=lp_17324748011_1_9?srs=17324748011&ie=UTF8&qid=1544691752&sr=8-9
3ft Micro USB Cable	4.99	Prime Shipping	0	0.39	5		0.39	0	Plat+/Iridium	Electronics	Amazon	https://www.amazon.com/Anker-Braided-Tangle-Free-Gold-Plated-Connectors/dp/B00SUY0NCI/ref=sr_1_19?srs=17324748011&ie=UTF8&qid=1544691898&sr=8-19
Kinetic Art Balance Toy	3.69	Standard Shipping	0		30		0		Plat+/Iridium	Toys	Amazon	https://www.amazon.com/Stainless-Weightlifter-Decompressive-Psychology-DINGJIN/dp/B06WVSR6XC?creativeASIN=B06WVSR6XC&linkCode=w61&imprToken=0EOOn-gdEwqQ8Sq8TeREmg&slotNum=8&tag=coolest15-20
Compass	0.4	Standard Shipping	2.8	0	30	5	33	0	Plat+/Iridium	Toys	Amazon	https://www.amazon.com/gp/product/B01850015U?creativeASIN=B01850015U&linkCode=w61&imprToken=0EOOn-gdEwqQ8Sq8TeREmg&slotNum=6&tag=coolest15-20
10 pc Mini Plunger Stand	3.79	Standard Shipping	0		30		0		Plat+/Iridium	Toys	Amazon	https://www.amazon.com/Colors-orange-Purple-Plunger-Cellphone/dp/B00BS9SZI6?creativeASIN=B00BS9SZI6&linkCode=w61&imprToken=0EOOn-gdEwqQ8Sq8TeREmg&slotNum=18&tag=coolest15-20
Cactus Pen	1.1	Standard Shipping	2.3	0	30	5	32	0	Plat+/Iridium	Toys	Amazon	https://www.amazon.com/Yonger-Creative-Cactus-Supplies-Ballpoint/dp/B01B2V0EK6?creativeASIN=B01B2V0EK6&linkCode=w61&imprToken=0EOOn-gdEwqQ8Sq8TeREmg&slotNum=23&tag=coolest15-20
Bacon Balm Lip Balm	4.44	Prime Shipping	0	0.34	3		0.34	0	Plat+/Iridium	Other	Amazon	https://www.amazon.com/gp/product/B002SIFQUQ?creativeASIN=B002SIFQUQ&linkCode=w61&imprToken=0EOOn-gdEwqQ8Sq8TeREmg&slotNum=96&tag=coolest15-20
Shock Gum Gag Gift	3.99	Standard Shipping	0		30		0		Plat+/Iridium	Toys	Amazon	https://www.amazon.com/Shocking-Funny-Shock-Random-Color/dp/B000MLHFCS?creativeASIN=B000MLHFCS&linkCode=w61&imprToken=0EOOn-gdEwqQ8Sq8TeREmg&slotNum=104&tag=coolest15-20
7 Color Mushroom LED Light	1.79	Standard Shipping	0		30		0		Plat+/Iridium	Electronics/Toy	Amazon	https://www.amazon.com/dp/B00FC5JXOW?creativeASIN=B00FC5JXOW&linkCode=w61&imprToken=0EOOn-gdEwqQ8Sq8TeREmg&slotNum=194&tag=coolest15-20
100 Smiley Face Stickers	4.99	Prime Shipping	0		3		0		Plat+/Iridium	Other	Amazon	https://www.amazon.com/dp/B005KV8GA0/?creativeASIN=B005KV8GA0&linkCode=w61&imprToken=REta3FGUUGeQXlgpQFTElg&slotNum=2&tag=coolest15-20
Natural Stone Necklace	0.98	Prime Shipping	3.99	0	30	5	44.98	0	Plat+/Iridium	Jewelry	Amazon	https://www.amazon.com/Challyhope-Fashion-Necklace-Natural-Hexagonal/dp/B07FZTBNSG?ref_=fsclp_pl_dp_9
Enderman Figure pack	9.95	Prime Shipping	0	0.77	2	1	5.99	1.23	Irid+/Rhodium	Toys	Amazon	https://www.amazon.com/Minecraft-Core-Creeper-Figure-Pack/dp/B00DOQCTVK/ref=zg_bs_165994011_59?_encoding=UTF8&psc=1&refRID=QYAB0TRWY7JD85BCMHQX
Minecraft Stever Figure Pack/Iron Golem Figure Pack	7.85	Prime Shipping	0	0.61	2	1	5.99	1.07	Irid+/Rhodium	Toys	Amazon	https://www.amazon.com/Minecraft-Core-Creeper-Figure-Pack/dp/B00DOQCTVK/ref=zg_bs_165994011_59?_encoding=UTF8&psc=1&refRID=QYAB0TRWY7JD85BCMHQX
Diamond Stever Figure Pack	8.66	Prime Shipping	0	0.67	2	1	5.99	1.13	Irid+/Rhodium	Toys	Amazon	https://www.amazon.com/Minecraft-Core-Creeper-Figure-Pack/dp/B00DOQCTVK/ref=zg_bs_165994011_59?_encoding=UTF8&psc=1&refRID=QYAB0TRWY7JD85BCMHQX
Funko Pop Figures	10	Prime Shipping	0	0.74	2		0	0.74	Irid+/Rhodium	Toys	Amazon	https://www.amazon.com/Funko-Pop-Games-Collectible-Multicolor/dp/B07HPZMHHF/ref=zg_bs_165993011_24?_encoding=UTF8&psc=1&refRID=CR8A3W79R47R7CZ3RWQJ
Hot Wheels 9-Car Pack	13.6	Prime Shipping	0		2	1	5.99	0	Irid+/Rhodium	Toys	Amazon	https://www.amazon.com/Hot-Wheels-9-Car-Gift-Styles/dp/B006EFMSSM/ref=zg_bs_toys-and-games_62?_encoding=UTF8&psc=1&refRID=XA9YE4M8NKQBBQ34CZY1
Magic 8 Ball	13.49	Prime Shipping	0		2		0		Irid+/Rhodium	Toys	Amazon	https://www.amazon.com/Mattel-Games-Magic-Ball-Retro/dp/B0149MC426/ref=sr_1_17_sspa?s=toys-and-games&ie=UTF8&qid=1543357031&sr=1-17-spons&keywords=board+games&psc=1
$10 Gift Card	10	Digital Item	0						Irid+/Rhodium	Digital	Digital Item
Logitech s120 2.0 Speakers	9.99	Prime Shipping	0	0.77	2	1	5.99	1.23	Irid+/Rhodium	Electronics	Amazon	https://www.amazon.com/Logitech-S120-2-0-Stereo-Speakers/dp/B000R9AAJA/ref=pd_sim_147_5?_encoding=UTF8&pd_rd_i=B000R9AAJA&pd_rd_r=8fb9659c-f8ae-11e8-a598-6b142cabb10b&pd_rd_w=lo31B&pd_rd_wg=bksPG&pf_rd_i=desktop-dp-sims&pf_rd_m=ATVPDKIKX0DER&pf_rd_p=18bb0
SteelSeries Mouse Pad	9.99	Prime Shipping	0	0.77	2	1	5.99	1.23	Irid+/Rhodium	Accessories	Amazon	https://www.amazon.com/dp/B000UEZ36W/ref=sspa_dk_detail_0?pd_rd_i=B000UEZ36W&pf_rd_m=ATVPDKIKX0DER&pf_rd_p=f0dedbe2-13c8-4136-a746-4398ed93cf0f&pd_rd_wg=JOqD9&pf_rd_r=2E5JTT5EQCWRS5FZ3VE3&pf_rd_s=desktop-dp-sims&pf_rd_t=40701&pd_rd_w=ojaah&pf_rd_i=desktop
Treasure X Adventure Pack	8.45	Prime Shipping	0		2	1	3.99	0	Irid+/Rhodium	Toys	Amazon	https://www.amazon.com/TREASURE-X-41500-Adventure-Pack/dp/B079PTBMXP/ref=zg_bs_165993011_26?_encoding=UTF8&psc=1&refRID=CR8A3W79R47R7CZ3RWQJ
Versiontech RGB Mouse Colors: Black/White	9.99	Prime Shipping	0		2	1	5.99	0	Irid+/Rhodium	Electronics	Amazon	https://www.amazon.com/VersionTECH-Ergonomic-Backlight-Settings-Programmed/dp/B00WEVLE30/ref=sr_1_2?s=wireless&ie=UTF8&qid=1544189667&sr=8-2&keywords=rgb+mouse+%2410%5C
Versiontech RGB Mouse Colors: Red/Blue	9.99	Prime Shipping	0		2	1	5.99	0	Irid+/Rhodium	Electronics	Amazon	https://www.amazon.com/VersionTECH-Ergonomic-Backlight-Settings-Programmed/dp/B00WEVLE30/ref=sr_1_2?s=wireless&ie=UTF8&qid=1544189667&sr=8-2&keywords=rgb+mouse+%2410%5C
Artistic Phone Case	5.98	Standard Shipping	3.99	0	7	3	8.99	0	Irid+/Rhodium	Accessories	Amazon	https://www.amazon.com/Wydan-Compatible-Case-iPhone-Plus/dp/B01KN0XDFK/ref=sr_1_22?s=wireless&ie=UTF8&qid=1544317529&sr=1-22&keywords=artsy+phone+case
Outdoor Phone Case	5.99	Pime Shipping	0	0.46	2		0	0.46	Irid+/Rhodium	Accessories	Amazon	https://www.amazon.com/FRiEQ-Waterproof-Case-Outdoor-Activities/dp/B00AW2QT8I/ref=sr_1_3?s=wireless&ie=UTF8&qid=1544317452&sr=1-3&keywords=outdoor+phone+case
Intellectuals Phone Case	7.99	Prime Shipping	0		2	1	5.99	0	Irid+/Rhodium	Accessories	Amazon	https://www.amazon.com/iPhone-Scratch-Resistant-Transparent-Shockproof/dp/B072V5MZW2/ref=sr_1_5?s=wireless&ie=UTF8&qid=1544317495&sr=1-5&keywords=modern+phone+case
Mens Phone Case	8.99	Prime Shipping	0	0.7	2	1	1.16	0	Irid+/Rhodium	Accessories	Amazon	https://www.amazon.com/AmazonBasics-Case-iPhone-Clear/dp/B01I48LT5O?pf_rd_r=ZK6T1MNTZJ36EV95804D&pf_rd_p=e0e81b09-fd30-474c-b919-879a45cc1121&pf_rd_m=ATVPDKIKX0DER&pf_rd_s=merchandised-search-1&ref_=Oct_DLandingS_PC_addb8eb9_NA&smid=ATVPDKIKX0DER
Girls/Womens Phone Case	8.99	Prime Shipping	0		2		0		Irid+/Rhodium	Accessories	Amazon	https://www.amazon.com/Caka-Glitter-Tempered-Protector-Floating/dp/B073B3YW8V/ref=sr_1_3?s=wireless&ie=UTF8&qid=1544317423&sr=1-3&keywords=glitter+phone+case
Boys Phone Case	9.99	Prime Shipping	0		2		0		Irid+/Rhodium	Accessories	Amazon	https://www.amazon.com/Annymall-iPhone-Protector-Shorkproof-Kickstand/dp/B076NPZ63M/ref=sr_1_8?s=wireless&ie=UTF8&qid=1544317770&sr=1-8&keywords=iphone+case+for+boys
Universal Phone Case	14.55	Prime Shipping	0	1.13	2	1	1.59	0	Irid+/Rhodium	Accessories	Amazon	https://www.amazon.com/Spigen-iPhone-Wallet-Design-Holder/dp/B01GIVWTAI/ref=sr_1_7?s=wireless&ie=UTF8&qid=1544317737&sr=1-7&keywords=iphone+case
Punks Phone Case	15.99	Prime Shipping	0	1.24	2	1	5.99	1.24	Irid+/Rhodium	Toys	Amazon	https://www.amazon.com/Arc-shaped-Newtons-Balance-Science-Dreamyth/dp/B078KF8DHR/ref=bbp_bb_5e8416_st_1Nnp_w_43?smid=AWJMCLX92KZV7&th=1
Newton's Cradle	3.99	Prime Shipping	2.99	0	30	5	37.9	0	Irid+/Rhodium	Toys	Amazon	https://www.amazon.com/Arc-shaped-Newtons-Balance-Science-Dreamyth/dp/B078KF8DHR/ref=bbp_bb_5e8416_st_1Nnp_w_43?smid=AWJMCLX92KZV7&th=1
10pc Makeup Brush Kit	8.45	Prime Shipping	0		2	1	3.99	0	Irid+/Rhodium	Fashion	Amazon	https://www.amazon.com/gp/product/B00KOW827M?imprToken=8HXA2V7cyfUvZzphYHLpcA&slotNum=1&ie=UTF8&tag=bustle7440-20&camp=1789&linkCode=xm2&creativeASIN=B00KOW827M
Samsung Screen Protector	6.92	Prime Shipping	0						Irid+/Rhodium	Accessories	Amazon	https://www.amazon.com/Shield-Tempered-Protector-Hardness-Replacement/dp/B07C8HS81W/ref=sr_1_1?ie=UTF8&qid=1544463331&sr=8-1&keywords=samsung+galaxy+phone+screen+protector
iPhone Screen Protector	8.61	Prime Shipping	0	0.62	2	1	5.99	0.62	Irid+/Rhodium	Accessories	Amazon	https://www.amazon.com/amFilm-iPhone-Screen-Protector-Tempered/dp/B01415QHYW/ref=sr_1_4_acs_osp_osp18-45fa5f34-11_1?s=outdoor-recreation&ie=UTF8&qid=1544463278&sr=1-4-acs&keywords=phone+screen+protector&tag=thewire06oa-20&ascsubtag=45fa5f34-11ab-4f32-b106
100 Piece Sticker pack	8.99	Prime Shipping	0		2	1	5.99	0	Irid+/Rhodium	Other	Amazon	https://www.amazon.com/Secret-Garden-Motorcycle-Skateboard-Waterproof%EF%BC%88Not/dp/B01MQZQWJF/ref=zg_bs_arts-crafts_36?_encoding=UTF8&psc=1&refRID=KAN5WH4A42V7D0SHB0WY
1 Month Premium Membership	10	Prime Shipping	0						Irid+/Rhodium	Digital	Amazon
The Catcher in the Rye/Fahrenheit451	8.99	Prime Shipping	0	0.7	2	1	5.99	1.16	Irid+/Rhodium	Books	Amazon	https://www.amazon.com/Fahrenheit-451-Ray-Bradbury/dp/1451673310/ref=pd_sim_14_6?_encoding=UTF8&pd_rd_i=1451673310&pd_rd_r=3bd474c9-fca6-11e8-9593-a54217c41805&pd_rd_w=9ecMv&pd_rd_wg=LoAOl&pf_rd_p=18bb0b78-4200-49b9-ac91-f141d61a1780&pf_rd_r=R3BH3H1FM17N4
Of Mice and Men/To Kill A Mockingbird	9	Prime Shipping	0	0.7	2	1	3.99	1.01	Irid+/Rhodium	Books	Amazon	https://www.amazon.com/Mice-Men-John-Steinbeck/dp/0140177396/ref=pd_sim_14_2?_encoding=UTF8&pd_rd_i=0140177396&pd_rd_r=a1addf13-fca5-11e8-abd2-cdd24367c782&pd_rd_w=FY2r9&pd_rd_wg=SsMDa&pf_rd_p=18bb0b78-4200-49b9-ac91-f141d61a1780&pf_rd_r=XNJE1SFFVDAHB3PFD
Macbeth/Hamlet/Romeo & Juliet	10	Prime Shipping	0	0.77	2		0	0.77	Irid+/Rhodium	Books	Amazon	https://www.amazon.com/Macbeth-Folger-Shakespeare-Library-William/dp/0743477103/ref=pd_bxgy_14_img_2?_encoding=UTF8&pd_rd_i=0743477103&pd_rd_r=ace57719-fca6-11e8-bddf-836b3e8a828e&pd_rd_w=DFXzp&pd_rd_wg=hvbI1&pf_rd_p=6725dbd6-9917-451d-beba-16af7874e407&p
Charlotte's Web/The Outsiders/Lord of the Flies/The Giver	7.99	Prime Shipping	0	0.62	2		0	0.62	Irid+/Rhodium	Books	Amazon	https://www.amazon.com/Lord-Flies-William-Golding/dp/0399501487/ref=pd_bxgy_14_img_3?_encoding=UTF8&pd_rd_i=0399501487&pd_rd_r=19a47911-fca6-11e8-bfeb-5beec295fed0&pd_rd_w=jqqoR&pd_rd_wg=gu1BP&pf_rd_p=6725dbd6-9917-451d-beba-16af7874e407&pf_rd_r=JNY7BQT36
The Girl Who Lived	13.19	Prime Shipping	0	1.02	2	1	5.99	1.48	Irid+/Rhodium	Books	Amazon	https://www.amazon.com/Girl-Who-Lived-Thrilling-Suspense/dp/1683993063/ref=sr_1_3?s=books&ie=UTF8&qid=1544465431&sr=1-3&keywords=%231+selling+girls+book
Explosive Growth	14.39	Prime Shipping	0	1.12	2	1	5.99	1.58	Irid+/Rhodium	Books	Amazon	https://www.amazon.com/Explosive-Growth-Learned-Growing-Million/dp/1619617692/ref=sr_1_9_sspa?s=books&ie=UTF8&qid=1544465482&sr=1-9-spons&keywords=social+media+book&psc=1
Reversible Sequins Mermaid Pillow Case	5.81	Prime Shipping	0		2		0		Irid+/Rhodium	Books	Amazon	https://www.amazon.com/Livedeal-Reversible-Sequins-Mermaid-Pillow/dp/B01F72F7SA?tag=bp_links-20&ascsubtag=[artid|2089.g.1912[src|[ch|
Sketch Pad	10.6	Prime Shipping	0	0.82	2		0.82	0	Irid+/Rhodium	Books	Amazon	https://www.amazon.com/Strathmore-400-Sketch-Pads-12/dp/B0027A39PY/ref=zg_bs_arts-crafts_2?_encoding=UTF8&psc=1&refRID=F50T7DF0RP46K6273XKN
Overwatch Backpack Hangers	7	Blizzard Shipping	6.33	0.55	3	2	9.3	0.55	Irid+/Rhodium	Accessories	Amazon	https://gear.blizzard.com/us/game/overwatch/overwatch-backpack-hangers-series-2
Pop Sockets	9.99	Prime Shipping	0	0.77	2	1	5.99	1.23	Irid+/Rhodium	Accessories	Amazon	https://www.amazon.com/PopSockets-Collapsible-Phones-Tablets-Nebula/dp/B06XGKRQSJ/ref=pd_sim_107_3?_encoding=UTF8&pd_rd_i=B01EFKSENA&pd_rd_r=4633fd9e-fcc1-11e8-9cda-1d7d2ad86ec7&pd_rd_w=A6E9l&pd_rd_wg=ILBRK&pf_rd_p=18bb0b78-4200-49b9-ac91-f141d61a1780&pf_
Pop Sockets	9.99	Prime Shipping	0		2	1	3.99	0	Irid+/Rhodium	Accessories	Amazon	https://www.amazon.com/PopSockets-Collapsible-Stand-Phones-Tablets/dp/B01DNRMTA0/ref=pd_sim_107_3?_encoding=UTF8&pd_rd_i=B01DNRMTA0&pd_rd_r=3cdbc192-fcc2-11e8-9593-a54217c41805&pd_rd_w=AkCRG&pd_rd_wg=FIQil&pf_rd_p=18bb0b78-4200-49b9-ac91-f141d61a1780&pf_r
More Pop Sockets	14.99	Prime Shipping	0	1.16	2	1	3.99	1.47	Irid+/Rhodium	Accessories	Amazon	https://www.amazon.com/PopSockets-Collapsible-Phones-Tablets-Catstronaut/dp/B01LWL276H/ref=bbp_bb_a77114_st_8174_w_10?psc=1&smid=ATVPDKIKX0DER
100 Instant Water Balloons	9.99	Prime Shipping	0	0.77	2		0.77	0	Irid+/Rhodium	Toys	Amazon	https://www.amazon.com/dp/B01897IKBQ/ref=cm_gf_aTNN_i13_d_p0_qd2_____________________qdSQdcCEK4gjtdSF03Mx
Rick and Morty Calandar	8.2	Prime Shipping	0		2		0		Irid+/Rhodium	Other	Amazon	https://www.amazon.com/2019-Rick-Morty-Wall-Calendar/dp/1438862059/ref=sr_1_9?s=books&ie=UTF8&qid=1544486682&sr=1-9&keywords=rick+and+morty
Boba Fett Socks	8	Prime Shipping	0	0.62	2	1	3.99	0.62	Irid+/Rhodium	Fashion	Amazon	https://www.amazon.com/dp/B01EXSX24K/ref=sspa_dk_detail_18?psc=1&pd_rd_i=B01EXSX24K
Star Wars Socks	9	Prime Shipping	0	0.7	2	1	5.99	0.7	Irid+/Rhodium	Fashion	Amazon	https://www.amazon.com/dp/B00KEDW8Y4/ref=sspa_dk_detail_6?psc=1&pd_rd_i=B00KEDW8Y4&pd_rd_w=I8Xkk&pf_rd_p=f0dedbe2-13c8-4136-a746-4398ed93cf0f&pd_rd_wg=1ppm8&pf_rd_r=6EMSXMXZ4XEZJ0HQF4TP&pd_rd_r=1287d124-fcde-11e8-b73f-81e1611457d6
Star Trek/Corgi/Dinosaur Socks	10	Prime Shipping	0	0.77	2	1	5.99	0.77	Irid+/Rhodium	Fashion	Amazon	https://www.amazon.com/dp/B07BH5JKBN/ref=sspa_dk_detail_3?psc=1&pd_rd_i=B07BH5JKBN&pd_rd_w=I8Xkk&pf_rd_p=f0dedbe2-13c8-4136-a746-4398ed93cf0f&pd_rd_wg=1ppm8&pf_rd_r=6EMSXMXZ4XEZJ0HQF4TP&pd_rd_r=1287d124-fcde-11e8-b73f-81e1611457d6
Rick & Morty Socks	12	Prime Shipping	0	0.93	2	1	5.99	0.93	Irid+/Rhodium	Fashion	Amazon	https://www.amazon.com/dp/B078XKL3DQ/ref=sspa_dk_detail_12?psc=1&pd_rd_i=B078XKL3DQ
Meme Socks	13	Standard Shipping	0		5		0		Irid+/Rhodium	Fashion	Amazon	https://www.amazon.com/Balanced-Co-Circle-Casual-Cotton/dp/B07CRCR8QF/ref=sr_1_1_sspa?s=apparel&ie=UTF8&qid=1544489426&sr=1-1-spons&nodeID=7141123011&psd=1&keywords=socks&psc=1
Animal Socks	16	Prime Shipping	0		2	1	5.99	0	Irid+/Rhodium	Fashion	Amazon	https://www.amazon.com/Color-City-Stockings-Cartoon-Animal/dp/B01MG7GY1E/ref=sr_1_33?s=apparel&ie=UTF8&qid=1544489436&sr=1-33&nodeID=7141123011&psd=1&keywords=animal+socks
Selfie Ring Light	8.99	Prime Shipping	0						Irid+/Rhodium	Electronics	Amazon	https://www.amazon.com/dp/B076GXD2HS/ref=cm_gf_aTNN_i16_d_p0_qd103___________________yKNlDKx6OaUXOO0Xm2AA
UNO DOS Tin	9.99	Prime Shipping	0	0.77	2	1	3.99	1.08	Irid+/Rhodium	Toys	Amazon	https://www.amazon.com/UNO-42003-Card-Game/dp/B07DWNBLTJ/ref=zg_bs_toys-and-games_67?_encoding=UTF8&refRID=M1WA2E19HRXQ5HAKNER2&th=1
Terraria - Steam Game	9.99	Steam Game	0						Irid+/Rhodium	Games	Amazon	https://store.steampowered.com/app/105600/Terraria/
Portal 2 - Steam Game	9.99	Steam Game	0						Irid+/Rhodium	Games	Amazon	https://store.steampowered.com/app/620/Portal_2/
Human Fall Flat - Steam Game	14.99	Steam Game	0						Irid+/Rhodium	Games	Amazon	https://store.steampowered.com/app/477160/Human_Fall_Flat/
Lego Brick Headz Set	19.98	Prime Shipping	0	1.55	2	1	5.99	2.01	Rhod+/Diamond	Toys	Amazon	https://www.amazon.com/dp/B0787GT3XQ/ref=sspa_dk_detail_2?psc=1&pd_rd_i=B0787GT3XQ&pf_rd_m=ATVPDKIKX0DER&pf_rd_p=f0dedbe2-13c8-4136-a746-4398ed93cf0f&pd_rd_wg=B7GVJ&pf_rd_r=55G7NVVGNXNPYSVYVMRC&pf_rd_s=desktop-dp-sims&pf_rd_t=40701&pd_rd_w=XUUBy&pf_rd_i=d
Joystick Extenders	16.99	Prime Shipping	0	1.32	2	1	3.99	1.32	Rhod+/Diamond	Accessories	Amazon	https://www.amazon.com/KontrolFreek-Performance-Thumbsticks-PlayStation-Controller-4/dp/B00ISW0TGW?ref_=bl_dp_s_web_3540013011
Controller Skins	10.99	KontrolFreek Shipping	4.62	0	8	1	46.57	0	Rhod+/Diamond	Accessories	Konrolfreek	https://www.kontrolfreek.com/collections/skins
HyperX Keycaps Upgrade Kit	14.99	Prime Shipping	0	1.16	2	1	5.99	1.62	Rhod+/Diamond	Digital Goods	Amazon	https://www.amazon.com/HyperX-MOBA-Gaming-Keycaps-Upgrade/dp/B0743YSX36/ref=sr_1_2?ie=UTF8&qid=1545080006&sr=8-2&keywords=hyperx+keycaps
Zelda Collection Keychain Set	19.99	Prime Shipping	0		2	1	5.99	0	Rhod+/Diamond	Jewlery	Amazon	https://www.amazon.com/Twilight-Princess-collection-keychain-Red-10set/dp/B00YK2Q5HQ/ref=pd_sim_21_2?_encoding=UTF8&pd_rd_i=B00YK2Q5HQ&pd_rd_r=444b8814-f846-11e8-ae10-f53544a794df&pd_rd_w=46CGl&pd_rd_wg=VWqsz&pf_rd_i=desktop-dp-sims&pf_rd_m=ATVPDKIKX0DER&
$20 Gift Card	20	Digital Item	0						Rhod+/Diamond	Digital Goods
PS4 Charging Station	14.98	Prime Shipping	0		2	1	5.99	0	Rhod+/Diamond	Electronics	Amazon	https://www.amazon.com/Controller-Playstation-Stand-Dual-Indicator-Controller-Black-4/dp/B01H1GJ7IQ/ref=sr_1_1_sspa?s=toys-and-games&ie=UTF8&qid=1543022221&sr=1-1-spons&keywords=ps4+controller+charger&psc=1
Nintendo Switch Charging Station	17.29	Prime Shipping	0	1.34	2	1	3.99	1.65	Rhod+/Diamond	Electronics	Amazon	https://www.amazon.com/PowerA-Nintendo-Switch-Joy-Charging-Dock/dp/B01MR6JD1M/ref=zg_bs_videogames_34?_encoding=UTF8&psc=1&refRID=BY68NZ5HQRRT1FZTWKK5
Xbox Charging Station	24.99	Prime Shipping	0		2	1	3.99	0	Rhod+/Diamond	Electronics	Amazon	https://www.amazon.com/Controller-Charger-Charging-Rechargeable-Wireless-Controllers/dp/B07CMY4HKD/ref=sr_1_1_sspa?s=videogames&ie=UTF8&qid=1548480043&sr=1-1-spons&keywords=xbox+charging+station&psc=1
Heavy Duty Mic Stand + Set	18.99	Prime Shipping	0		2	1	5.99	0	Rhod+/Diamond	Accessories	Amazon	https://www.amazon.com/dp/B07CN2C93T/ref=sspa_dk_detail_2?psc=1&pd_rd_i=B07CN2C93T&pf_rd_m=ATVPDKIKX0DER&pf_rd_p=f0dedbe2-13c8-4136-a746-4398ed93cf0f&pd_rd_wg=3tCaw&pf_rd_r=TYAWMVQQ0PMZ4CQ2ZEBB&pf_rd_s=desktop-dp-sims&pf_rd_t=40701&pd_rd_w=7ORsl&pf_rd_i=d
Xbox One Rechargeable Battery Pack	19.99	Prime Shipping	0		2	1	3.99	0	Rhod+/Diamond	Accessories	Amazon	https://www.amazon.com/Controller-High-Speed-Charging-Technology-Rechargeable/dp/B07DPNYGST/ref=pd_sbs_63_47?_encoding=UTF8&pd_rd_i=B07DPNYGST&pd_rd_r=1086710a-ef92-11e8-bf90-4b2d1b246f8c&pd_rd_w=TDNnx&pd_rd_wg=ofdIt&pf_rd_i=desktop-dp-sims&pf_rd_m=ATVPDK
Girls Watch	11	Prime Shipping	0		2	1	5.99	0	Rhod+/Diamond	Fashion	Amazon	https://www.amazon.com/YSLON-Childrens-Electronic-Rabbit-Gifts/dp/B07H2ZPQGN/ref=sr_1_34?s=apparel&ie=UTF8&qid=1543359206&sr=1-34&nodeID=7141123011&psd=1&keywords=cartoon+watch
Punk Watch	12	Prime Shipping	0	1.01	2	1	5.99	1.47	Rhod+/Diamond	Fashion	Amazon	https://www.amazon.com/d/Boys-Wrist-Watches/Function-Waterproof-Stopwatch-Digital-Wristwatch/B014RFN6XG/ref=sr_1_38?s=apparel&ie=UTF8&qid=1543359788&sr=1-38&nodeID=7147443011&psd=1&keywords=boy+watch
Womens Watch	12	Prime Shipping	0		2	1	3.99	0	Rhod+/Diamond	Fashion	Amazon	https://www.amazon.com/Digital-Elegant-Waterproof-Stopwatch-Functional/dp/B07HHNCD4S/ref=sr_1_10?s=apparel&ie=UTF8&qid=1543359713&sr=1-10&nodeID=7141123011&psd=1&keywords=girl+watch
Boys Watch	13	Prime Shipping	0	1.01	2	1	5.99	1.47	Rhod+/Diamond	Fashion	Amazon	https://www.amazon.com/Marvel-Avengers-AVG3508-Watch-Rubber/dp/B00GXXJLOY/ref=sr_1_2?s=apparel&ie=UTF8&qid=1543359588&sr=1-2&nodeID=7141123011&psd=1&keywords=superhero+watch
Intellectuals Watch	16	Prime Shipping	0		2	1	3.99	0	Rhod+/Diamond	Fashion	Amazon	https://www.amazon.com/Watches-stainless-Luxury-Fashion-Waterproof/dp/B06ZZ58MG7/ref=sr_1_1_sspa?s=apparel&ie=UTF8&qid=1544317013&sr=1-1-spons&nodeID=7141123011&psd=1&keywords=watches&refinements=p_36%3A1000-2000&psc=1
Artist watch	17	Prime Shipping	0		2	1	3.99	0	Rhod+/Diamond	Fashion	Amazon	https://www.amazon.com/AZLAND-Flashing-Multiple-Wristwatch-Waterproof/dp/B074Z87NYF/ref=sr_1_31_sspa?s=apparel&ie=UTF8&qid=1544317013&sr=1-31-spons&nodeID=7141123011&psd=1&keywords=watches&refinements=p_36%3A1000-2000&psc=1
Outdoors Watch	18	Prime Shipping	0		2		0		Rhod+/Diamond	Fashion	Amazon	https://www.amazon.com/MEGIR-Leather-Waterproof-Calendar-Business/dp/B076CJFYGC/ref=sr_1_17?s=apparel&ie=UTF8&qid=1543359011&sr=1-17&nodeID=7141123011&psd=1&keywords=outdoor+watch
Super Meat Boy - Steam Game	14.99	Prime Shipping	0						Rhod+/Diamond	Digital	Amazon	https://store.steampowered.com/app/40800/Super_Meat_Boy/
Klutz Nail Art Craft Kit	14.54	Prime Shipping	0	1.13	2		0	1.13	Rhod+/Diamond	Jewlery	Amazon	https://www.amazon.com/Klutz-Nail-Art-Craft-Kit/dp/0545802644/ref=sr_1_35?ie=UTF8&qid=1544315391&sr=8-35&keywords=girls+toys
LED Gloves	15.95	Prime Shipping	0	1.24	2	1	5.99	1.7	Rhod+/Diamond	Fashion	Amazon	https://www.amazon.com/Noodley-Flashing-LED-Light-Gloves/dp/B01MTIX0S0/ref=sr_1_46?ie=UTF8&qid=1544315556&sr=8-46&keywords=girls+toys
Anker Dual USB Wall Charger	16.99	Prime Shipping	0	1.32	2	1	5.99	1.32	Rhod+/Diamond	Electronics	Amazon	https://www.amazon.com/dp/B071GJ6X7B/ref=gbph_tit_m12_f46b_381d32cd?pf_rd_p=08ff2e7b-d987-49cf-8639-7babf9f3f46b&pf_rd_s=merchandised-search-12&pf_rd_t=101&pf_rd_i=5550343011&pf_rd_m=ATVPDKIKX0DER&pf_rd_r=BYTWSXXS6D19TD0AZT78&th=1
Memory Foam Lumbar Cushion	15.95	Prime Shipping	0		2	1	5.99	0	Rhod+/Diamond	Other	Amazon	https://www.amazon.com/gp/product/B01HXSYG6A?imprToken=SdA1sZ-EVqAJ5UkZzMfpXA&slotNum=1&ie=UTF8&tag=bustle7440-20&camp=1789&linkCode=xm2&creativeASIN=B01HXSYG6A
Remington Hair Dryer	19.96	Prime Shipping	0	1.55	2	1	5.99	2.01	Rhod+/Diamond	Electronics	Amazon	https://www.amazon.com/gp/product/B00MMRFUG8?imprToken=NVPHBg4ImTL8jkkJu1NPGQ&slotNum=1&ie=UTF8&tag=bustle6987-20&camp=1789&linkCode=xm2&creativeASIN=B00MMRFUG8
LifeStraw Personal Water Filter	14.96	Prime Shipping	0	1.16	2	1	5.99	1.62	Rhod+/Diamond	Electronics	Amazon	https://www.amazon.com/LifeStraw-Personal-Camping-Emergency-Preparedness/dp/B006QF3TW4?ref_=s9_acss_bw_cg_ORHarOut_1a1_w
League of Legends Collectable Plush	20	Riot Games Shipping	7.64	1.45	7	1	46.64	1.45	Rhod+/Diamond	Toys	Amazon	https://na.merch.riotgames.com/en/collectibles/plush/alistar-collectible-plush.html
Wine Bottle Opener	16.19	Prime Shipping	0	1.25	2	1	6.99	1.79	Rhod+/Diamond	Other	Amazon	https://www.amazon.com/dp/B003YFI0O6?tag=bbl19-20
Tactical Flash Light	14.95	Prime Shipping	0		2	1	5.99	0	Rhod+/Diamond	Electronic	Amazon	https://www.amazon.com/gp/product/B00V7T1YRQ?imprToken=KK5oMX0zSnEqm6M9765BHw&slotNum=1&ie=UTF8&tag=bustle10667-20&camp=1789&linkCode=xm2&creativeASIN=B00V7T1YRQ
Mattel Lil' Gleemerz Figure	19.99	Prime Shipping	0	1.55	2	1	6	2.01	Rhod+/Diamond	Toys	Amazon	https://www.amazon.com/dp/B079Z8V2S4/?tag=bp_links-20&ascsubtag=[artid|2089.g.3486[src|[ch|
Friendship Bracelet Kit	15.47	Prime Shipping	0	1.2	2	1	5.99	1.66	Rhod+/Diamond	Fashion	Amazon	https://www.amazon.com/dp/B002Y66FAW/ref=cm_gf_aTNN_i4_d_p0_qd1______________________3i4EPXFVIp71o2X0KKwF
Stealing Cat/Panda Piggy Bank	17.99	Prime Shipping	0	1.39	2	1	5.99	1.85	Rhod+/Diamond	Toys	Amazon	https://www.amazon.com/dp/B01184U1EQ/ref=cm_gf_aTNN_i0_i1_d_p0_qd5___________________4b2chzwBIKv8gOKY2GLh
Guitar Pick 12 Pack	13.99	Prime Shipping	0		2	1	3.99	0	Rhod+/Diamond	Other	Amazon	https://www.amazon.com/dp/B01ESDV8M8/ref=cm_gf_aTNN_d_p0_qd7_________________________A8bmNBGR4oYzQcK7wiy1
Rubiks Cube	12.9	Prime Shipping	0		2	1	5.99	0	Rhod+/Diamond	Toys	Amazon	https://www.amazon.com/dp/B00OKIFV3Y/ref=cm_gf_aTNN_i0_d_p0_qd113____________________DTuNXZnX6tlUaKDJlTkL
Slippers	11.8	Prime Shipping	0		2	1	3.99	0	Rhod+/Diamond	Fashion	Amazon	https://www.amazon.com/DESNC02-Indoor-Slippers-Washable-Unisex/dp/B07GZ5GBD3/ref=sr_1_1_sspa?s=apparel&ie=UTF8&qid=1544491058&sr=1-1-spons&nodeID=7141123011&psd=1&keywords=men+indoor+slippers&psc=1
Female Indoor Slippers	13.99	Prime Shipping	0		2	1	5.99	0	Rhod+/Diamond	Fashion	Amazon	https://www.amazon.com/dp/B076VC7CZ1/ref=cm_gf_aTNN_i0_d_p0_qd116____________________gpzmx1Qbjz6Htc8YcEXn?th=1&psc=1
Indoor Slippers	15.99	Prime Shipping	0		2	1	3.99	0	Rhod+/Diamond	Fashion	Amazon	https://www.amazon.com/DESNC02-Indoor-Slippers-Washable-Unisex/dp/B07GZ1KN2P/ref=sr_1_1_sspa?s=apparel&ie=UTF8&qid=1544491058&sr=1-1-spons&nodeID=7141123011&psd=1&keywords=men%2Bindoor%2Bslippers&th=1&psc=1
Nerf N-Strike Elite Strongarm Blaster	12.99	Prime Shipping	0	1.01	2	1	5.99	1.47	Rhod+/Diamond	Toys	Amazon	https://www.amazon.com/Nerf-N-Strike-Elite-Strongarm-Blaster/dp/B00DW1JT5G/ref=zg_mg_toys-and-games_3?_encoding=UTF8&refRID=W76NQT65CSG3MXWFXD4M&th=1
Hot Wheels 20 Car Gift Pack	18.9	Prime Shipping	0	1.46	2	1	6.99	2	Rhod+/Diamond	Toys	Amazon	https://www.amazon.com/Hot-Wheels-Cars-Gift-Styles/dp/B01BMW645O/ref=zg_mg_toys-and-games_29?_encoding=UTF8&psc=1&refRID=W76NQT65CSG3MXWFXD4M
Carhartt Insulated Lunch Cooler	24.99	Prime Shipping	0	1.94	2	1	5.99	2.4	Rhod+/Diamond	Other	Amazon	https://www.amazon.com/Carhartt-Deluxe-Compartment-Insulated-Cooler/dp/B06XFY5NZW/ref=sr_1_7?s=home-garden&ie=UTF8&qid=1544545682&sr=1-7&keywords=lunch+box
Mier Lunch Box	17.55	Prime Shipping	0		2	1	5.99	0	Rhod+/Diamond	Other	Amazon	https://www.amazon.com/MIER-Adult-Insulated-Cooler-Double/dp/B01FQA0YDQ/ref=sr_1_3?ie=UTF8&qid=1544512725&sr=8-3&keywords=lunchbox
Female Lunch Box	19	Prime Shipping	0	1.47	2	1	3.99	1.78	Rhod+/Diamond	Other	Amazon	https://www.amazon.com/Bixbee-Sparkalicious-Glitter-Insulated-Lunchbox/dp/B00DOSUE7E/ref=sr_1_3_sspa?s=home-garden&ie=UTF8&qid=1544545757&sr=1-3-spons&keywords=girls+lunch+box&psc=1
Lunch Box	18	Prime Shipping	0	1.39	2	1	5.99	1.85	Rhod+/Diamond	Other	Amazon	https://www.amazon.com/Wildkin-Insulated-Moisture-Resistant-Organization/dp/B0067QYHZU/ref=sr_1_20?s=home-garden&ie=UTF8&qid=1544545682&sr=1-20&keywords=lunch+box
VIVO Dual Monitor Mount	30	Prime Shipping	0	3.1	2	1	11.99	4.03	Diamond+	Accessories	Amazon	https://www.amazon.com/VIVO-Monitor-Adjustable-Screens-STAND-V002/dp/B074GBSXTM/ref=pd_bxgy_147_img_3?_encoding=UTF8&pd_rd_i=B009S750LA&pd_rd_r=21266a35-efa8-11e8-bed5-7dcfcd74da26&pd_rd_w=pFBHP&pd_rd_wg=5RZuH&pf_rd_i=desktop-dp-sims&pf_rd_m=ATVPDKIKX0DER
Monopoly Rick & Morty Board Game	24.05	Prime Shipping	0	1.86	2	1	5.99	2.32	Diamond+	Board Games	Amazon	https://www.amazon.com/Monopoly-Offically-Licensed-Merchandise-Classic/dp/B01JCKGCWS
Hasbro Monopoly Classic Game	16.99	Prime Shipping	0	1.32	2	1	5.99	1.78	Diamond+	Board Games	Amazon	https://www.amazon.com/Hasbro-C1009-Monopoly-Classic-Game/dp/B01MU9K3XU
Hasbro Monopoly: Cheaters Edition	15.88	Prime Shipping	0	1.23	2	1	5.99	1.69	Diamond+	Board Games	Amazon	https://www.amazon.com/dp/B0771YL7DZ
Monopoly Stranger Things Edition	22.13	Prime Shipping	0		2		0		Diamond+	Board Games	Amazon	https://www.amazon.com/dp/B076LZZBSR
University of Alabama Bamaopoly	24.99	Prime Shipping	0	1.94	2	1	5.99	2.4	Diamond+	Board Games	Amazon	https://www.amazon.com/dp/B0006HCVQS
Monopoly: The Legend of Zelda Collector's Edition	30.37	Prime Shipping	0	2.35	2	1	5.99	2.81	Diamond+	Board Games	Amazon	https://www.amazon.com/dp/B00K3EYT50
Zingyou Microphone Bundle	34.98	Prime Shipping	0		2	1	7.99	0	Diamond+	Technology	Amazon	https://www.amazon.com/dp/B0756V2B6R/ref=sspa_dk_detail_5?psc=1&pd_rd_i=B0756V2B6R&pf_rd_m=ATVPDKIKX0DER&pf_rd_p=f0dedbe2-13c8-4136-a746-4398ed93cf0f&pd_rd_wg=vqyP3&pf_rd_r=43K2FFFQGEWS26APY08Y&pf_rd_s=desktop-dp-sims&pf_rd_t=40701&pd_rd_w=Vu63o&pf_rd_i=d
4M Crystal Growing Experiment	16.12	Prime Shipping	0	1.25	2	1	5.99	1.71	Diamond+	Toys	Amazon	https://www.amazon.com/4M-5557-Crystal-Growing-Experiment/dp/B00ITX1K4K/ref=sr_1_16?s=toys-and-games&ie=UTF8&qid=1544483540&sr=1-16&refinements=p_n_age_range%3A5442388011
36 x 24 inch Magnetic Dry Erase Board	32.9	Prime Shipping	0		2	1	11.99	0	Diamond+	Other	Amazon	https://www.amazon.com/Lockways-Magnetic-Dry-Erase-Board/dp/B06X6MJQMG
RGB Soft Gaming Mouse Pad	31.99	Prime Shipping	0		2	1	6.99	0	Diamond+	Accessories	Amazon	https://www.amazon.com/Oversized-Extended-Mousepad-%EF%BC%8CNon-Slip-Mat%EF%BC%8C31-5X/dp/B07GSXJZSV/ref=sr_1_14?s=office-products&ie=UTF8&qid=1543021259&sr=1-14&keywords=gaming+mouse+pad
New Era College Pom Beanie	22.95	Prime Shipping	0	1.78	2	1	3.99	2.09	Diamond+	Fashion	Amazon	https://www.amazon.com/dp/B076X5WYKF/ref=cm_gf_aTNN_i18_d_p0_qd31____________________7ZX8sZHlzRESrqqjCIlG
Stormtrooper Figure	34.9	Prime Shipping	0	2.7	2	1	5.99	3.16	Diamond+	Toys	Amazon	https://www.amazon.com/Star-Wars-Stormtrooper-Amazon-Exclusive/dp/B06XWFJQ24/ref=zg_bs_165994011_10?_encoding=UTF8&psc=1&refRID=34Q05JZHMP3HFCAW9BDD
Lightweight Gaming Glasses	39.99	Prime Shipping	0		2	1	5.99	0	Diamond+	Fashion	Amazon	https://www.amazon.com/GAMEKING-8001-Blocking-Computer-Lightweight/dp/B0741D6XH1/ref=sr_1_8?s=electronics&ie=UTF8&qid=1543031370&sr=1-8&keywords=computer+gaming+glasses
Logitch Multimedia Speakers Z200	22.99	Prime Shipping	0	1.78	2	1	5.99	2.24	Diamond+	Speakers	Amazon	https://www.amazon.com/Logitech-Multimedia-Speakers-Multiple-Devices/dp/B00EZ9XKCM
Red/Black/White/Blue DOSS Wireless Bluetooth Portable Speaker	30.99	Prime Shipping	0		2	1	5.99	0	Diamond+	Speakers	Amazon	https://www.amazon.com/DOSS-Wireless-Bluetooth-Portable-Speaker/dp/B01CQOV3YO/ref=sr_1_8?s=electronics&ie=UTF8&qid=1544317303&sr=1-8&keywords=bluetooth+speakers
Pink DOSS Wireless Bluetooth Portable Speaker	32.99	Prime Shipping	0		2	1	6.99	0	Diamond+	Speakers	Amazon	https://www.amazon.com/DOSS-Wireless-Bluetooth-Portable-Speaker/dp/B01CQOV3YO/ref=sr_1_8?s=electronics&ie=UTF8&qid=1544317303&sr=1-8&keywords=bluetooth+speakers
Bunny with Squishy Ears Bluetooth Speaker	24.99	Prime Shipping	0	1.94	2	1	3.99	2.25	Diamond+	Speakers	Amazon	https://www.amazon.com/Bluetooth-Speaker-Wireless-Portable-Squishy/dp/B077XXHTD7
Bluetooth Beanie Hat Headphones	29.99	Prime Shipping	0		2		0		Diamond+	Speakers	Amazon	https://www.amazon.com/dp/B07855GL8X
Anker Soundcore Bluetooth Speaker	22.94	Prime Shipping	0	1.78	2	1	5.99	1.78	Diamond+	Speakers	Amazon	https://www.amazon.com/Anker-SoundCore-Playtime-Bluetooth-Portable/dp/B016XTADG2
Divoom Aurabox Bluetooth LED Speaker	38.9	Prime Shipping	0		2		0		Diamond+	Speakers	Amazon	https://www.amazon.com/Divoom-Aurabox-Bluetooth-Speaker-Creation/dp/B011R7ALW6
COMISO Waterproof Bluetooth Speaker	29.99	Prime Shipping	0		2	1	5.99	0	Diamond+	Speakers	Amazon	https://www.amazon.com/COMISO-Waterproof-Bluetooth-Speakers-Wireless/dp/B0744JGZ1T
LED Bluetooth Speaker	27.99	Prime Shipping	0		2	1	5.99	0	Diamond+	Speakers	Amazon	https://www.amazon.com/dp/B079GR96PB/ref=sspa_dk_detail_9?psc=1&pd_rd_i=B079GR96PB
Pillow Pet	24.99	Prime Shipping	0	1.94	2	1	5.99	2.4	Diamond+	Other	Amazon	https://www.amazon.com/Pillow-Pets-Signature-Stuffed-Snuggly/dp/B002XB04XW
Pillow Pet 2	29.99	Prime Shipping	0	2.32	2	1	5.99	2.78	Diamond+	Other	Amazon	https://www.amazon.com/dp/B078S9G99T/ref=sspa_dk_detail_3?psc=1&pd_rd_i=B078S9G99T&pd_rd_w=T57nL&pf_rd_p=f0dedbe2-13c8-4136-a746-4398ed93cf0f&pd_rd_wg=pMFeI&pf_rd_r=W540VMN4S1H1XNNBEA8V&pd_rd_r=914574f9-fcd2-11e8-ae45-dfe31428ce6d
Darice 80 Piece Art Set	22.99	Prime Shipping	0	1.78	2	1	6.99	2.32	Diamond+	Other	Amazon	https://www.amazon.com/dp/B002NZJ4L6/ref=gbps_img_m15_3411_4b7191e9?smid=ATVPDKIKX0DER&pf_rd_p=8e6f8955-4088-43bc-b451-f0e499203411&pf_rd_s=merchandised-search-15&pf_rd_t=101&pf_rd_i=17911186011&pf_rd_m=ATVPDKIKX0DER&pf_rd_r=3YSMMTCRFDBRB79HWCPT
Harry Potter's Light Painting Wand	19.14	Prime Shipping	0		2	1	3.99	0	Diamond+	Toys	Amazon	https://www.amazon.com/dp/B07C5RYDJ6/ref=gbps_tit_m15_5213_5a3d4f62?smid=ATVPDKIKX0DER&pf_rd_p=121796c2-50b8-4766-be4e-942d22515213&pf_rd_s=merchandised-search-15&pf_rd_t=101&pf_rd_i=17911195011&pf_rd_m=ATVPDKIKX0DER&pf_rd_r=R6F0ZRMW04AZ9BS2832N
Harione's Light Painting Wand	22.94	Prime Shipping	0	1.78	2	1	5.99	2.24	Diamond+	Toys	Amazon	https://www.amazon.com/dp/B07C5RYDJ6/ref=gbps_tit_m15_5213_5a3d4f62?smid=ATVPDKIKX0DER&pf_rd_p=121796c2-50b8-4766-be4e-942d22515213&pf_rd_s=merchandised-search-15&pf_rd_t=101&pf_rd_i=17911195011&pf_rd_m=ATVPDKIKX0DER&pf_rd_r=R6F0ZRMW04AZ9BS2832N
Magic: The Gathering Core Set 2019 Bundle	30.46	Prime Shipping	0		2		0		Diamond+	Other	Amazon	https://www.amazon.com/Magic-Gathering-Bundle-Booster-Accessories/dp/B07D3RZRXH/ref=sr_1_6?s=toys-and-games&ie=UTF8&qid=1544332161&sr=1-6&keywords=trading+card+box+set
Magic: The Gathering MTG-XLN-BU-EN Ixalan Bundle	34.77	Prime Shipping	0		2		0		Diamond+	Other	Amazon	https://www.amazon.com/Magic-Gathering-MTG-XLN-BU-EN-Ixalan-Bundle/dp/B073RZG1XZ
Pokemon Charizard GX Box Premium Collection	28.98	Prime Shipping	0	2.25	2	1	3.99	2.56	Diamond+	Other	Amazon	https://www.amazon.com/Charizard-GX-Box-Premium-Collection/dp/B07349NM1N
Yugioh TCG Legendary Collection Set #5 LC5 5D's Box Set	44.99	Prime Shipping	0		2	1	3.99	0	Diamond+	Other	Amazon	https://www.amazon.com/Yugioh-Card-Game-Legendary-Collection/dp/B00O3B1E4I
Pokemon Shining Legends Elite Trainer Box	40.6	Prime Shipping	0		5	2	78.47	0	Diamond+	Other	Amazon	https://www.amazon.com/Pokemon-Shining-Legends-Trainer-Collectible/dp/B074H18DMF
Minecraft	26.95	Prime Shipping	0						Diamond+	Video Games	Amazon	www.minecraft.net
VAHDAM Chai Tea Set	29.99	Prime Shipping	0		2	1	5.99	0	Diamond+	Other	Amazon	https://www.amazon.com/gp/product/B01LZZZVKD?ref=oft18_d_B01LZZZVKD_AL_16&th=1
Bindle Bottle 24oz Water Bottle W/ Storage Area	36.99	Prime Shipping	0		30	14	56.09	0	Diamond+	Accessories	Amazon	https://www.amazon.com/gp/product/B07D72PM5H?ref=oft18_d_B07D72PM5H_AL_76
Rocket League Steam Game	19.99	Prime Shipping	0						Diamond+	Video Games	Amazon	https://store.steampowered.com/app/252950/Rocket_League/
Bath Bombs 12 Set	26.8	Prime Shipping	0		2	1	5.99	0	Diamond+	Other	Amazon	https://www.amazon.com/dp/B01MFGN8S5/ref=gbph_tit_m12_f46b_7a1e16cb?pf_rd_p=08ff2e7b-d987-49cf-8639-7babf9f3f46b&pf_rd_s=merchandised-search-12&pf_rd_t=101&pf_rd_i=5550343011&pf_rd_m=ATVPDKIKX0DER&pf_rd_r=Y8Y5SSXTN76DBAXH3THV
3D Laser Etched Crystal Ball	22.99	Prime Shipping	0		2	1	5.99	0	Diamond+	Electronics	Amazon	https://www.amazon.com/dp/B0743HZQTC/ref=gbps_tit_s-3_d337_de1267a6?pf_rd_p=378ac6ee-552b-4f4f-943a-e84d8730d337&pf_rd_s=slot-3&pf_rd_t=701&pf_rd_i=gb_all&pf_rd_m=ATVPDKIKX0DER&pf_rd_r=3ABRJNFAESY2Q91YB8XT
Anker PowerCore 10000 Portable Charger	31.99	Prime Shipping	0		2	1	3.99	0	Diamond+	Electronics	Amazon	https://www.amazon.com/gp/product/B0194WDVHI
6-Port USB Charger	24.99	Prime Shipping	0	1.94	2	1	3.99	2.25	Diamond+	Electronics	Amazon	https://www.amazon.com/gp/product/B00OQ19QYA
Handheld Massager	40	Prime Shipping	0		2	1	5.99	0	Diamond+	Electronics	Amazon	https://www.amazon.com/gp/product/B06ZZXJQHR/ref=as_li_tl?imprToken=uViCTn6GLldPyJhbDkE9-Q&slotNum=1&ie=UTF8&tag=bustle6987-20&camp=1789&creative=9325&linkCode=w61&creativeASIN=B06ZZXJQHR&linkId=f06016e38b4bc669da33f007d5e5751a
Epica Personal Blender + Bottle	24.95	Prime Shipping	0	1.93	2	1	7.99	2.55	Diamond+	Electronics	Amazon	https://www.amazon.com/gp/product/B01FG0874O?imprToken=91v7BDg-TvCsa5pk3qMGBA&slotNum=1&ie=UTF8&tag=bustle6987-20&camp=1789&linkCode=xm2&creativeASIN=B01FG0874O
Coleman Sleeping Bag	24.12	Prime Shipping	0	1.87	2	1	7.99	2.49	Diamond+	Other	Amazon	https://www.amazon.com/Coleman-Sunridge-40-60-Degree-Sleeping/dp/B00363X1DQ/ref=pd_rhf_se_s_cp_1_28?_encoding=UTF8&pd_rd_i=B00363X1DQ&pd_rd_r=525f2bc6-9c73-4770-ace8-de0c39b609f9&pd_rd_w=HIOKJ&pd_rd_wg=ekBaJ&psc=1&refRID=C66VPS7S9EYC14H41JFX
Crock Pot 6-Quart Portable Slow Cooked, Stainless Steel	30.93	Prime Shipping	0	2.4	2		0	2.4	Diamond+	Electronics	Amazon	https://www.amazon.com/gp/product/B003HF6PUO
3-Speed Bluetooth Suitcase Turntable	44.99	Prime Shipping	0	3.49	2	1	11.99	4.42	Diamond+	Electronics	Amazon	https://www.amazon.com/Victrola-Bluetooth-Suitcase-Turntable-Turquoise/dp/B00UMVVUOC/ref=zg_mg_boost_47?_encoding=UTF8&psc=1&refRID=Y9BNVWZ7JWQ0BYQ8NT31
Overwatch 16 oz Pint Glass Set	22.4	Overwatch Shipping	6.33	1.73	3	2	10.47	1.73	Diamond+	Other	Amazon	https://gear.blizzard.com/us/game/overwatch/overwatch-pint-glasses-set-of-4
Hammock	25.97	Prime Shipping	0		2	1	5.99	0	Diamond+	Other	Amazon	https://www.amazon.com/dp/B06ZXXZWLH/ref=cm_gf_aTNN_d_p0_qd7_________________________szl7MaSqJCZg8gUB1OeF
Xbox One Wireless Controller	46.88	Prime Shipping	0	3.63	2		0	3.63	Diamond+	Electronics	Amazon	https://www.amazon.com/Xbox-Wireless-Controller-White-one/dp/B01GW3H3U8/ref=sr_1_3?s=videogames&ie=UTF8&qid=1548485579&sr=1-3&keywords=xbox%2Bwireless%2Bcontroller&th=1
PS4 Wireless Controller	46.96	Prime Shipping	0	3.64	2	1	3.99	3.94	Diamond+	Electronics	Amazon	https://www.amazon.com/DualShock-Wireless-Controller-PlayStation-Black-4/dp/B01LWVX2RG
Hot Wheels Corkscrew Track	47.49	Prime Shipping	0	3.79	2	1	9.99	4.56	Diamond+	Toys	Amazon	https://www.amazon.com/Hot-Wheels-Corkscrew-Crash-Track/dp/B079KHS5S9/ref=zg_mw_toys-and-games_44?_encoding=UTF8&psc=1&refRID=N20R759NS1FVZ2GDX6HW
6ft x 9ft Green Screen + Stand	47.99	Prime Shipping	0	3.48	2		0	3.48	Diamond+	Other	Amazon	https://www.amazon.com/Background-Chromakey-Fancierstudio-9115-6x9G/dp/B004K4YSXC/ref=sr_1_2_sspa?ie=UTF8&qid=1544110917&sr=8-2-spons&keywords=green+screen+setup&psc=1
3 Piece Canvas Wall Art	49.99	Prime Shipping	0	4.75	2		0	4.75	Diamond+	Other	Amazon	https://www.amazon.com/wall26-Canvas-Nebula-Modern-Stretched/dp/B074MTLXSM/ref=sr_1_25_sspa?s=home-garden&ie=UTF8&qid=1544035691&sr=1-25-spons&keywords=3%2Bpiece%2Bcanvas%2Bwall%2Bart&refinements=p_36%3A4000-5000&th=1
$50 Gift Card	50	Digital Item	0						Diamond+	Digital	Digital Item
Corsair Keyboard + Wrist Rest	46.99	Prime Shipping	0	3.64	2	1	7.99	4.26	Diamond+	Electronics	Amazon	https://www.amazon.com/CORSAIR-K55-RGB-Gaming-Keyboard/dp/B01M4LIKLI/ref=sr_1_6?s=videogames&ie=UTF8&qid=1544033964&sr=1-6&keywords=gaming&refinements=p_36%3A4000-5000
1TB External Hard Drive	44	Prime Shipping	0	4.12	2	1	5.99	4.12	Diamond+	Other	Amazon	https://www.amazon.com/dp/B079HF8BKY/ref=sr_1_11_twi_col_3?s=pc&ie=UTF8&qid=1544084947&sr=1-11&keywords=external%2Bhard%2Bdrive&th=1
Blue Snowball Microphone	49	Prime Shipping	0	3.8	2	1	6.99	4.34	Diamond+	Electronics	Amazon	https://www.amazon.com/dp/B006DIA77E/ref=sxbs_sxwds-stppvp_1?pf_rd_m=ATVPDKIKX0DER&pf_rd_p=d45777d6-4c64-4117-8332-1659db52e64f&pd_rd_wg=ABjzW&pf_rd_r=H9VMEWP72YCZHW9G7648&pf_rd_s=desktop-sx-bottom-slot&pf_rd_t=301&pd_rd_i=B014PYGTUQ&pd_rd_w=3ZnZH&pf_rd_i
Vintage Backpack 15.6 Slim School Laptop Backpack	25.99	Prime Shipping	0		2		0		Diamond+	Fashion	Amazon	https://www.amazon.com/Kemladio-Vintage-Backpack-College-Daypack/dp/B074TDRD5V
Furesion USB Charging Laptop Backpack	50.86	Prime Shipping	0		2	1	6.99	0	Diamond+	Fashion	Amazon	https://www.amazon.com/Backpack-Waterproof-Business-Anti-Theft-Capacity/dp/B07FQGZPLQ
Travel Laptop Backpack	36.99	Prime Shipping	0		2	1	6.99	0	Diamond+	Fashion	Amazon	https://www.amazon.com/Backpack%EF%BC%8C17-Inch-Computer-Waterproof-Anti-Theft-Backpack/dp/B01BXZUYSI/ref=sr_1_16_sspa?s=electronics&ie=UTF8&qid=1544333666&sr=1-16-spons&keywords=outdoors+backpacks&psc=1
Nevenka Women Bags Backpack Purse	20.99	Prime Shipping	0		2	1	5.99	0	Diamond+	Fashion	Amazon	https://www.amazon.com/Nevenka-Backpack-Leather-Backpacks-Shoulder/dp/B07DRHL3BS
SwissGear Travel Gear Backpack 1	59.99	Prime Shipping	0	4.65	2	1	7.99	4.65	Diamond+	Fashion	Amazon	https://www.amazon.com/SwissGear-1900-Scansmart-Laptop-Backpack/dp/B00ESKY9FU/ref=sr_1_1_sspa?s=sporting-goods&ie=UTF8&qid=1544333236&sr=1-1-spons&keywords=backpacks&refinements=p_36%3A1253556011&th=1
SwissGear Travel Gear Backpack 2	69.99	Prime Shipping	0	5.42	2	1	7.99	5.42	Diamond+	Fashion	Amazon	https://www.amazon.com/SwissGear-1900-Scansmart-Laptop-Backpack/dp/B007R6JPC4
Backpacks	29.99	Prime Shipping	0		2		0		Diamond+	Fashion	Amazon	https://www.amazon.com/hotstyle-TRENDYMAX-Backpack-Bundles-Matching/dp/B07336GGXC
HyperX Gaming Headset	39.99	Prime Shipping	0	3.1	2	1	5.99	3.56	Diamond+	Electronics	Amazon	https://www.amazon.com/HyperX-Cloud-Stinger-Gaming-Headset/dp/B01L2ZRYVE/ref=sr_1_5?s=videogames&ie=UTF8&qid=1544033964&sr=1-5&keywords=gaming&refinements=p_36%3A4000-5000
NBA Game On Hoop Set	38.9	Standard Shipping	0	2.73	2		0		Diamond+	Toys	Amazon	https://www.amazon.com/dp/B07DKQZZ2S/ref=gbps_img_m15_3411_7a5ad126?smid=A1A5NX4ACCQDY4&pf_rd_p=8e6f8955-4088-43bc-b451-f0e499203411&pf_rd_s=merchandised-search-15&pf_rd_t=101&pf_rd_i=17911186011&pf_rd_m=ATVPDKIKX0DER&pf_rd_r=3YSMMTCRFDBRB79HWCPT
Dog Spa Day Kit	62	Prime Shipping	0	4.81	2	1	7.99	5.43	Diamond+	Other	Amazon	https://www.amazon.com/gp/product/B07HKS6QXX?ref=oft18_d_B07HKWPX5W_AL_72&th=1
2nd Generation Flat Iron	49.99	Prime Shipping	0	3.87	2	5.99		4.33	Diamond+	Electronics	Amazon	https://www.amazon.com/gp/product/B00N30SE3E?imprToken=aA7jl1TkWIDXyBXrRYdnnw&slotNum=1&ie=UTF8&tag=bustle7440-20&camp=1789&linkCode=xm2&creativeASIN=B001MA0QY2&th=1
Massage Seat	49.99	Prime Shipping	0	3.87	2	1	8.99	3.87	Diamond+	Electronics	Amazon	https://www.amazon.com/gp/product/B003QMUX2O?imprToken=-dCec.VCmrbi7yTq77faNQ&slotNum=1&ie=UTF8&tag=bustle7440-20&camp=1789&linkCode=xm2&creativeASIN=B003QMUX2O
Heated Blanket	64.44	Standard Shipping	0		9	7	8.99	0	Diamond+	Other	Amazon	https://www.amazon.com/dp/B006A1PGDE/?tag=bp_links-20&ascsubtag=[artid|2089.g.3486[src|[ch|
Wooden Chess Set	39.99	Prime Shipping	0		2	1	6.99	0	Diamond+	Board Games	Amazon	https://www.amazon.com/dp/B071RL7NCY/ref=sspa_dk_detail_0?psc=1&pd_rd_i=B071RL7NCY&pd_rd_w=DLuoI&pf_rd_p=f0dedbe2-13c8-4136-a746-4398ed93cf0f&pd_rd_wg=UhRxe&pf_rd_r=BGSW2W4XPF5VNCETN3C6&pd_rd_r=bfaf9d05-fcb4-11e8-bb58-d341f6e44338
Monster Truck RC Car	45.99	Standard Shipping	0		3	2	6.99	0	Diamond+	Toys	Amazon	https://www.amazon.com/dp/B07GQHXPZV/ref=sspa_dk_detail_3?psc=1
Zombie Defense Survival Kit	32.3	Standard Shipping	0		7	4	15.94	0	Diamond+	Toys	Amazon	https://www.amazon.com/dp/B009R7LQQE/ref=cm_gf_aTNN_i21_d_p0_qd1_____________________6vQTjcv3wh45kE7DyhIO
Foldable RC Drone	34.99	Prime Shipping	0		2	1	5.99	0	Diamond+	Toys	Amazon	https://www.amazon.com/Holy-Stone-Foldable-Quadcopter-Beginners/dp/B01M25O8E0/ref=sr_1_85?s=toys-and-games&ie=UTF8&qid=1544483941&sr=1-85&refinements=p_n_age_range%3A5442388011
Thrustmaster Joystick	39.99	Prime Shipping	0	3.1	2	1	6.99	3.64	Diamond+	Electronics	Amazon	https://www.amazon.com/Thrustmaster-2960773-T16000M-Joystick-Black/dp/B01MQEDEEW/ref=zg_bs_318813011_87?_encoding=UTF8&psc=1&refRID=2H2HY96DT00SW9PVM53M
Hatchtimals Mystery	46.98	Prime Shipping	0		2	1	6.99	0	Diamond+	Toys	Amazon	https://www.amazon.com/Hatchimals-Mystery-Fluffy-Interactive-Characters/dp/B074XNXTC6/ref=zg_bs_toys-and-games_83?_encoding=UTF8&psc=1&refRID=XA9YE4M8NKQBBQ34CZY1
Atari Flashback	46.95	Prime Shipping	0		2		0		Diamond+	Electronics	Amazon	https://www.amazon.com/dp/B06XVVSVWB/ref=cm_gf_aAN_i9_d_p0_qd14______________________xGwqxzXyfsFIP2Rwh7Gk
PlayerUnknowns Battleground - Steam Game	29.99	Steam Game	0						Diamond+	Video Game	Amazon	https://store.steampowered.com/app/578080/PLAYERUNKNOWNS_BATTLEGROUNDS/
Warhammer: Vermintide 2 - Steam Game	29.99	Steam Game	0						Diamond+	Video Game	Amazon	https://store.steampowered.com/app/552500/Warhammer_Vermintide_2/
Divinity: Original Sin II - Steam Game	44.99	Steam Game	0						Diamond+	Video Game	Amazon	https://store.steampowered.com/app/435150/Divinity_Original_Sin_2__Definitive_Edition/
ARK: Survival Evolved - Steam Game	49.99	Steam Game	0						Diamond+	Video Game	Amazon	https://store.steampowered.com/app/346110/ARK_Survival_Evolved/
Switch Controller	65.95	Prime Shipping	0	5.11	2	1	5.99	5.11	Dream	Electronics	Amazon	https://www.amazon.com/Nintendo-Switch-Pro-Controller/dp/B01NAWKYZ0/ref=zg_bs_videogames_5?_encoding=UTF8&refRID=BY68NZ5HQRRT1FZTWKK5&th=1
Steam Controller	64.99	Prime Shipping	0		2	1	5.99	0	Dream	Electronics	Amazon	https://www.amazon.com/Steam-Controller-SteamOS/dp/B016KBVBCS
RC Robot Dinosaur	59.99	Prime Shipping	0		2	1	5.99	0	Dream	Toys	Amazon	https://www.amazon.com/dp/B0797SS7BC/ref=sspa_dk_detail_1?psc=1&pd_rd_i=B0797SS7BC&pf_rd_m=ATVPDKIKX0DER&pf_rd_p=f0dedbe2-13c8-4136-a746-4398ed93cf0f&pd_rd_wg=BG3XL&pf_rd_r=EKP4SR05YMK64Y3QJPEY&pf_rd_s=desktop-dp-sims&pf_rd_t=40701&pd_rd_w=C6h0B&pf_rd_i=d
Racing Style Gaming Chair	85.99	Standard Shipping	9.99	0	2		9.99	0	Dream	Other	Amazon	https://www.amazon.com/Polar-Aurora-High-Back-Executive-Ergonomic/dp/B07JDYDG2M/ref=sr_1_14?s=furniture&ie=UTF8&qid=1544121184&sr=1-14&keywords=gaming+chair&refinements=p_36%3A-10000
Sound Bar Subwoofer	99.96	Prime Shipping	0		2		0		Dream	Electronics	Amazon	https://www.amazon.com/subwoofer-MEGACRA-Wireless-Connection-Adjustable/dp/B071L22RZM/ref=sr_1_1_sspa?ie=UTF8&qid=1544121795&sr=8-1-spons&keywords=sound+bar+under+100&psc=1
$100 Gift Card	100	Digital Item	0						Dream	Digital	
L-Shaped Corner Desk	86.87	Prime Shipping	0	6.73	3		0	6.73	Dream	Other	Amazon	https://www.amazon.com/SHW-L-Shaped-Home-Office-Corner/dp/B01MT2A5D4/ref=sr_1_4?s=home-garden&ie=UTF8&qid=1545082818&sr=1-4&keywords=L+shape+corner+desk&refinements=p_36%3A-11000
Powerbeats3 Earphones	99.99	Prime Shipping	0	10.39	2	1	3.99	10.39	Dream	Electronics	Amazon	https://www.amazon.com/Beats-ML8V2LL-Powerbeats3-Wireless-Earphones/dp/B01LZH8QHJ/ref=sr_1_4?s=electronics&ie=UTF8&qid=1544138103&sr=1-4&keywords=beats+by+dre
Super NES Classic	105.89	Prime Shipping	0		2	1	5.99	0	Dream	Toys	Amazon	https://www.amazon.com/Super-NES-Classic-nintendo/dp/B0721GGGS9/ref=sr_1_1?ie=UTF8&qid=1544607723&sr=8-1&keywords=super+nes+classic
Razer Naga Trinity Mouse	74.99	Prime Shipping	0	5.81	2	1	5.99	5.81	Dream	Electronics	Amazon	https://www.amazon.com/Razer-Naga-Trinity-Optical-Interchangeable/dp/B0788MCRGC/ref=sr_1_18_sspa?s=videogames&ie=UTF8&qid=1544141938&sr=1-18-spons&keywords=gaming+mouse&psc=1
Streaming Equipment Kit	79.99	Prime Shipping	0		2		0		Dream	Electronics	Amazon	https://www.amazon.com/Stream-Team-Streaming-Widescreen-Microphone/dp/B07BHWFLZG/ref=sr_1_2_sspa?s=electronics&ie=UTF8&qid=1543060084&sr=1-2-spons&keywords=streaming&psc=1
Fujifilm Instant Film Camera	54.99	Prime Shipping	0	4.18	2	1	5.99	4.18	Dream	Toys	Amazon	https://www.amazon.com/dp/B06WWL4JD8/?tag=bp_links-20&ascsubtag=[artid|2089.g.3486[src|[ch|
Michael Kors Wristlet	60	Prime Shipping	0		2		0		Dream	Fashion	Amazon	https://www.amazon.com/Michael-Kors-Travel-Multifunction-Wristlet/dp/B07GT6V6VG/ref=sr_1_34?s=apparel&ie=UTF8&qid=1544316507&sr=1-34&nodeID=7141123011&psd=1&keywords=michael+kors
Boys Wallet	54.95	Prime Shipping	0		2	1	3.99	0	Dream	Fashion	Amazon	https://www.amazon.com/Allett-Slim-Leather-Wallet-Black/dp/B00AR4XJ34/ref=sr_1_197_sspa?s=apparel&ie=UTF8&qid=1544319010&sr=1-197-spons&nodeID=7141123011&psd=1&keywords=wallet&refinements=p_36%3A2661614011&psc=1
Mens Wallet	60	Prime Shipping	0	4.65	2	1	3.99	4.96	Dream	Fashion	Amazon	https://www.amazon.com/Fossil-Mens-International-Combination-Wallet/dp/B079ZZWQDP/ref=pd_sim_241_2?_encoding=UTF8&pd_rd_i=B079ZZWQDP&pd_rd_r=02a3ec23-fb51-11e8-983a-1d3d78e30f53&pd_rd_w=qllmF&pd_rd_wg=tHa7l&pf_rd_p=18bb0b78-4200-49b9-ac91-f141d61a1780&pf_
Girls Wallet	68	Prime Shipping	0	5.27	2	1	3.99	5.27	Dream	Fashion	Amazon	https://www.amazon.com/Kate-Spade-New-York-Cameron/dp/B07KGPR2B7/ref=sr_1_182?s=apparel&ie=UTF8&qid=1544318959&sr=1-182&nodeID=7141123011&psd=1&keywords=wallet&refinements=p_36%3A2661614011
Womens Wallet	79.99	Prime Shipping	0		2	1	3.99	0	Dream	Fashion	Amazon	https://www.amazon.com/Kate-Spade-New-York-Newbury/dp/B07FZVKC52/ref=sr_1_10?s=apparel&ie=UTF8&qid=1544318820&sr=1-10&nodeID=7141123011&psd=1&keywords=wallet&refinements=p_36%3A2661614011
Outdoors Wallet	72	Prime Shipping	0		2	1	5.99	0	Dream	Fashion	Amazon	https://www.amazon.com/Ridge-Authentic-Minimalist-Blocking-Wallet/dp/B07F6FSDHS/ref=sr_1_17?s=apparel&ie=UTF8&qid=1544318863&sr=1-17&nodeID=7141123011&psd=1&keywords=wallet&refinements=p_36%3A2661614011
Intellectuals Wallet	79	Prime Shipping	0	6.12	2	1	5.99	0	Dream	Fashion	Amazon	https://www.amazon.com/Ekster-Parliament-Leather-Wallet-Blocking/dp/B0733PM66B/ref=sr_1_8?s=apparel&ie=UTF8&qid=1544319320&sr=1-8&nodeID=7141123011&psd=1&keywords=smart+wallet
Artist Wallet	23.99	Prime Shipping	0		2	1	5.99	0	Dream	Fashion	Amazon	https://www.amazon.com/Multifunctional-Shoulder-Multi-Pockets-Messenger-Crossbody/dp/B01M8Q9ZP8/ref=sr_1_40?s=apparel&ie=UTF8&qid=1544319738&sr=1-40&nodeID=7141123011&psd=1&keywords=man+purse
Punks Wallet	29.99	Prime Shipping	0		2	1	3.99	0	Dream	Fashion	Amazon	https://www.amazon.com/Minimalist-ID-Outside-Slate-Gray/dp/B01M98ZI6J/ref=sr_1_8?s=apparel&ie=UTF8&qid=1544319102&sr=1-8&nodeID=7141123011&psd=1&keywords=modern+wallet
10ft Tumbl Trak Balance Beam	79.95	Prime Shipping	0	6.2	2	1	13.99	7.28	Dream	Toys	Amazon	https://www.amazon.com/dp/B07F6VYN9P/ref=gbps_tit_m15_e44d_8c202790?smid=ATVPDKIKX0DER&pf_rd_p=b432e1de-c3b7-4f20-969a-6a641c7ce44d&pf_rd_s=merchandised-search-15&pf_rd_t=101&pf_rd_i=17911198011&pf_rd_m=ATVPDKIKX0DER&pf_rd_r=69NJR90055WG2KWTR47B
Imaginext Jurassic World T-Rex	89.3	Prime Shipping	0	6.92	2		6.92	0	Dream	Toys	Amazon	https://www.amazon.com/dp/B0751WB377/ref=gbps_tit_m15_5213_fa98ae61?smid=ATVPDKIKX0DER&pf_rd_p=121796c2-50b8-4766-be4e-942d22515213&pf_rd_s=merchandised-search-15&pf_rd_t=101&pf_rd_i=17911195011&pf_rd_m=ATVPDKIKX0DER&pf_rd_r=R6F0ZRMW04AZ9BS2832N
Karaoke System + Mic	69.99	Prime Shipping	0	5.42	2	1	13.99	6.5	Dream	Electronics	Amazon	https://www.amazon.com/dp/B01EVKUHI4/ref=gbps_img_m15_3c3b_d838a970?smid=ATVPDKIKX0DER&pf_rd_p=e72069b6-326d-447f-896a-a5c6cf453c3b&pf_rd_s=merchandised-search-15&pf_rd_t=101&pf_rd_i=17911194011&pf_rd_m=ATVPDKIKX0DER&pf_rd_r=NBMPCWMWWFQ7CSWXTT1V
Dartboard Game	47.99	Prime Shipping	0	3.72	2	1	8.99	4.42	Dream	Toys	Amazon	https://www.amazon.com/dp/B07BZ43SM8/ref=gbps_tit_m15_e44d_e8907817?smid=ATVPDKIKX0DER&pf_rd_p=b432e1de-c3b7-4f20-969a-6a641c7ce44d&pf_rd_s=merchandised-search-15&pf_rd_t=101&pf_rd_i=17911198011&pf_rd_m=ATVPDKIKX0DER&pf_rd_r=G3BCRH9TD0CK56GJ49NN
Dartboard Game + Cabinet	74.99	Standard Shipping	0	5.81	5		0	5.81	Dream	Toys	Amazon	https://www.amazon.com/dp/B01MSXFLJJ/ref=sspa_dk_hqp_detail_aax_0?psc=1
AuraGlow Teeth Whitening Kit	47.95	Prime Shipping	0		2	1	3.99	0	Dream	Other	Amazon	https://www.amazon.com/gp/product/B00YI5VJW6?imprToken=qrIHvPa9rGd8FgPZD8cgMw&slotNum=1&ie=UTF8&tag=bustle7440-20&camp=1789&linkCode=xm2&creativeASIN=B00YI5VJW6
Coleman 4-Person Tent	59.16	Prime Shipping	0	4.58	2	1	5.51	11.99	Dream	Other	Amazon	https://www.amazon.com/Coleman-Sundome-4-Person-Tent-Green/dp/B004J2GUOU/ref=sr_1_2_sspa?s=outdoor-recreation&ie=UTF8&qid=1544462841&sr=1-2-spons&keywords=tent&psc=1
Mini Projector	51.5	Prime Shipping	0	11.36	2	1	5.99	11.36	Dream	Electronics	Amazon	https://www.amazon.com/Porjector-Brightness-Speakers-Portable-Projectors/dp/B07191W1SP/ref=sr_1_6_acs_osp_osp20-b1490e8a-a7_2?s=arts-crafts&ie=UTF8&qid=1544463644&sr=1-6-acs&keywords=projector&tag=bestcont06-20&ascsubtag=b1490e8a-a736-4e37-84e9-ef00bb3853
Rechargeable Toothbrush	67.43	Prime Shipping	0	5.23	2	1	6.99	5.23	Dream	Other	Amazon	https://www.amazon.com/dp/B07KD4C8P6/?tag=bp_links-20&ascsubtag=%5Bartid%7C2089.g.3486%5Bsrc%7C%5Bch%7C&th=1
Marvel Avengers Coding Kit	148.82	Prime Shipping	0	11.23	2	1	7.99	11.23	Dream	Electronics	Amazon	https://www.amazon.com/dp/B07BDZZRR3/ref=cm_gf_aAN_d_p0_qd1__________________________UeK9pcSOEVJcEXrIyEya
Kettle Popcorn Maker	49.99	Prime Shipping	0	3.87	2		3.87	0	Dream	Electronics	Amazon	https://www.amazon.com/dp/B0001V48KG/ref=cm_gf_aAN_i22_d_p0_qd12_____________________KOJF5cxVQ4IHbYZgbWJz
Ukelele	47.99	Prime Shipping	0		2		0		Dream	Other	Amazon	https://www.amazon.com/dp/B07315K15N/ref=cm_gf_aAN_d_p0_qd13_________________________3lHKEDUC96hGOjrzNXL5
Guitar	88.77	Prime Shipping	0	6.88	2	1	16.99	8.2	Dream	Other	Amazon	https://www.amazon.com/Guitar-Dummies-Acoustic-Starter-Audio/dp/B000FPPZLE/ref=sr_1_4?s=musical-instruments&ie=UTF8&qid=1544477614&sr=1-4&keywords=guitar
24-in Hard AmazonBasics Spinner Luggage	$61	Prime Shipping	0	4.73	2	1	19.99	6.28	Dream	Other	Amazon	https://www.amazon.com/dp/B071HHX4TB/ref=sspa_dk_detail_1?psc=1&pd_rd_i=B071HHX4TB&pd_rd_w=PloIl&pf_rd_p=f0dedbe2-13c8-4136-a746-4398ed93cf0f&pd_rd_wg=eVOKf&pf_rd_r=4XBWPZJRP2GPRV9D0M4X&pd_rd_r=2f85a69d-fcdd-11e8-ac56-ef78e8b4d458
29-in Soft AmazonBasics Spinner Luggage	$76	Prime Shipping	0	5.89	3		0	5.89	Dream	Other	Amazon	https://www.amazon.com/dp/B0719BRVGV/ref=cm_gf_aAN_i19_d_p0_qd22_____________________XJWjqOPV4pXiLcrQyIdB?th=1
RollerBlades	39.85	Prime Shipping	0		2	1	5.99	0	Dream	Toys	Amazon	https://www.amazon.com/Scale-Sports-Adjustable-Featuring-Illuminating/dp/B06XJ4KQL9/ref=sr_1_9?s=sporting-goods&ie=UTF8&qid=1544486469&sr=1-9&keywords=rollerblades&th=1&psc=1
Cruiser Board	59.99	Prime Shipping	0	4.65	2	1	8.99	4.65	Dream	Toys	Amazon	https://www.amazon.com/dp/B01AVCYQ0Q/ref=cm_gf_aTNN_d_p0_qd39________________________J3uWfwdiqsu1EK0Ebahn
LongBoard	59.99	Prime Shipping	0		2	1	11.99	0	Dream	Toys	Amazon	https://www.amazon.com/dp/B01EOUWUT0/ref=sspa_dk_detail_1?psc=1&pd_rd_i=B01EOUWUT0&pd_rd_w=OdAJS&pf_rd_p=f0dedbe2-13c8-4136-a746-4398ed93cf0f&pd_rd_wg=BqO9Y&pf_rd_r=9Y0FEZXHN4AP9D5A46MS&pd_rd_r=4b13b128-fcd7-11e8-ac56-ef78e8b4d458
Scooter	70.99	Prime Shipping	0	5.5	2	1	11.99	6.43	Dream	Toys	Amazon	https://www.amazon.com/Fuzion-X-3-Scooter-2018-Gold/dp/B073ZMWZBQ/ref=sr_1_7?s=sporting-goods&ie=UTF8&qid=1544486329&sr=1-7&keywords=scooter
Bike	218.55	Prime Shipping	0	16.94	2	1	27.99	19.11	Dream	Toys	Amazon	https://www.amazon.com/Mongoose-Boys-Legion-Bicycle-Black/dp/B074L3KP92/ref=sr_1_4?s=sporting-goods&ie=UTF8&qid=1544486437&sr=1-4&keywords=bmx
Skateboard	79.95	Prime Shipping	0		5		0		Dream	Toys	Amazon	https://www.amazon.com/ELEMENT-Skateboards-SECTION-Complete-SKATEBOARD/dp/B00CA97JW6/ref=sr_1_3?s=sporting-goods&ie=UTF8&qid=1548174185&sr=1-3&keywords=element+skateboard
Elite Controller	144.89	Prime Shipping	0	10.81	2	1	6.99	11.35	Dream	Electronics	Amazon	https://www.amazon.com/Xbox-Elite-Wireless-Controller-one/dp/B00ZDNNRB8/ref=sr_1_3?s=videogames&ie=UTF8&qid=1545082754&sr=1-3&keywords=xbox%2Belite%2Bcontroller&th=1
Apple Earpods	159.99	Prime Shipping	0	11.91	2		0	11.91	Dream	Electronics	Amazon	https://www.amazon.com/Apple-MMEF2AM-AirPods-Wireless-Bluetooth/dp/B01MQWUXZS/ref=sr_1_3?s=electronics&ie=UTF8&qid=1543038955&sr=1-3&keywords=earpods+apple
1ms Asus Monitor	189.19	Prime Shipping	20.66	0	2	1	16.99	21.98	Dream	Electronics	Amazon	https://www.amazon.com/24-inch-FreeSync-Monitor-VG245H-Response/dp/B01JGYM5H6/ref=sr_1_5?s=electronics&ie=UTF8&qid=1544330747&sr=1-5&keywords=gaming+monitor
24-in 144hz BenQ Zowie Monitor	244.99	Prime Shipping	24.99	0	2	1	16.99	26.31	Dream	Electronics	Amazon	https://www.amazon.com/dp/B01H5KKQTM/ref=sspa_dk_detail_1?psc=1&pd_rd_i=B01H5KKQTM&pd_rd_w=lij2T&pf_rd_p=f0dedbe2-13c8-4136-a746-4398ed93cf0f&pd_rd_wg=e37Du&pf_rd_r=ETE1H0SPEFQ2BPV7G0P2&pd_rd_r=74a976e2-fb6d-11e8-9909-b13733703ee0
Acer 24-in 144hz Monitor	196.99	Prime Shipping	21.27	0	2	1	11.99	22.2	Dream	Electronics	Amazon	https://www.amazon.com/Acer-GN246HL-Bbid-24-Inch-Display-x/dp/B00KO4518I/ref=sr_1_14?s=electronics&ie=UTF8&qid=1544330747&sr=1-14&keywords=gaming+monitor
24-in BenQ Zowie 144hz with S-Switch	299	Prime Shipping	29.17	0	2	1	16.99	30.49	Dream	Electronics	Amazon	https://www.amazon.com/dp/B01H5KKW0A/ref=sspa_dk_detail_1?pd_rd_i=B01H5KKQTM&pd_rd_w=lij2T&pf_rd_p=f0dedbe2-13c8-4136-a746-4398ed93cf0f&pd_rd_wg=e37Du&pf_rd_r=ETE1H0SPEFQ2BPV7G0P2&pd_rd_r=74a976e2-fb6d-11e8-9909-b13733703ee0&th=1
HyperX Cloud Headset	69.95	Prime Shipping	0		2	1	6.99	0	Dream	Electronics	Amazon	https://www.amazon.com/HyperX-KHX-H3CL-WR-Gaming-Headset/dp/B01MTLMV89/?tag=aboutcom02lifewire-20&ascsubtag=4054071%7Cgoogle.com%7C%7C%7C36%2C70%2C10%2C74%2C38%2C29%2C47%7C1%7C&th=1
Oculus Rift Complete Set	349	Prime Shipping	0	27.05	2		0	27.05	Dream	Electronics	Amazon	https://www.amazon.com/Oculus-Touch-Virtual-Reality-System-pc/dp/B073X8N1YW/ref=sr_1_3_acs_osp_osp8-351d41c6-52_1?s=electronics&ie=UTF8&qid=1543028531&sr=1-3-acs&keywords=oculus%2Brift&tag=pcmagcontent-20&ascsubtag=351d41c6-5202-4897-acd5-978caee63215&lin
High End Gaming Chair	379	Standard Shipping	0	36.01	5		0	36.01	Dream	Other	Amazon	https://www.amazon.com/DXRacer-Valkyrie-Ergonomic-Adjustable-Computer/dp/B078P61X6C/ref=sr_1_12?s=home-garden&ie=UTF8&qid=1544191827&sr=1-12&keywords=dxracer
Pink Gaming Chair	189.99	Prime Shipping	0	13.77	5		0	13.77	Dream	Other	Amazon	https://www.amazon.com/Giantex-Ergonomic-Executive-Adjustable-Reclining/dp/B079RYHD2G/ref=sr_1_1?s=sporting-goods&ie=UTF8&qid=1544364576&sr=1-1&keywords=dxracer+pink
Arozzi Arena Gaming Desk	399	Prime Shipping	0	30.92	3		0	30.92	Dream	Other	Amazon	https://www.amazon.com/Arozzi-Arena-Gaming-Desk-Black/dp/B01K1JW1L0/ref=sr_1_12_sspa?rps=1&ie=UTF8&qid=1544121748&sr=8-12-spons&keywords=gaming&refinements=p_85%3A2470955011&psc=1
Playstation Pro	399.95	Prime Shipping	0	31	2	1	11.99	31.93	Dream	Electronics	Amazon	https://www.amazon.com/PlayStation-4-Pro-1TB-Console/dp/B01LOP8EZC
Nintendo Switch	299	Prime Shipping	0	23.17	2	1	5.99	25.17	Dream	Electronics	Amazon	https://www.amazon.com/Nintendo-Switch-Neon-Red-Blue-Joy/dp/B01MUAGZ49/ref=sr_1_2?s=videogames&ie=UTF8&qid=1548179638&sr=1-2&keywords=nintendo%2Bswitch&th=1
Xbox One X	449.99	Prime Shipping	0		2	0			Dream	Electronics	Amazon	https://www.amazon.com/Microsoft-Black-Console-Wireless-Controller/dp/B07M863LPJ/ref=sr_1_1_sspa?s=toys-and-games&ie=UTF8&qid=1548176462&sr=1-1-spons&keywords=xbox+one+x&psc=1
NanoLeaf Light Panels	229	Standard Shipping	9.99	0	6		0	9.99	Dream	Electronics	Amazon	https://nanoleaf.me/en/consumer-led-lighting/products/smarter-series/nanoleaf-light-panels-smarter-kit/#get
iBUYPOWER Gaming PC	1799	Prime Shipping	0	139.42	2		0	139.42	Dream	Electronics	Amazon	https://www.amazon.com/iBUYPOWER-9200-i7-8700K-Motherboard-Graphics/dp/B078H7WQ8B/ref=sr_1_6?s=electronics&ie=UTF8&qid=1543038684&sr=1-6&keywords=done
Lego Robot Building Set - Coding Kit for Kids	159.95	Standard Shipping	0	12.4	2		0	12.4	Dream	Toys	Amazon	https://www.amazon.com/dp/B072MK1PDV/ref=gbps_tit_m15_0ed5_e5fa8f94?smid=ATVPDKIKX0DER&pf_rd_p=7a1c0026-ac31-40af-9e8e-e8b49eab0ed5&pf_rd_s=merchandised-search-15&pf_rd_t=101&pf_rd_i=17911189011&pf_rd_m=ATVPDKIKX0DER&pf_rd_r=9876QB46DJD9RYD5KZPF&th=1
XXL Bean Bag Chair	137.85	Prime Shipping	0		10		0		Dream	Other	Amazon	https://www.amazon.com/Big-Joe-0001657-XX-Large-Filled/dp/B079Z87VFX/ref=sr_1_3?ie=UTF8&qid=1545082581&sr=8-3&keywords=XXL+Bean+Bag+Chair
Cannon G7X Mark II	649	Prime Shipping	0	50.3	2	1	5.99	50.3	Dream	Electronics	Amazon	https://www.amazon.com/Canon-PowerShot-Digital-Camera-Screen/dp/B01BV14OXA/ref=sr_1_3?ie=UTF8&qid=1544316115&sr=8-3&keywords=cannon+g7x+mark+ii
Apple Watch Series 4 - Silver Aluminium Case/White Band	407.58	Prime Shipping	0	31.59	2	1	5.99	32.45	Dream	Fashion	Amazon	https://www.amazon.com/Apple-Watch-GPS-44mm-Silver-Aluminium/dp/B07HDGBVVT
Suunto Computer Watch with Altimeter	300.3	Prime Shipping	0		2		0		Dream	Fashion	Amazon	https://www.amazon.com/SUUNTO-Core-Crush-Outdoor-Watch/dp/B0785X3P9H
Michael Kors Access Runway Stainless Steel Smartwatch: Gold Tone	350	Prime Shipping	0	27.13	2	1	5.99	27.59	Dream	Fashion	Amazon	https://www.amazon.com/Michael-Kors-Access-Stainless-Smartwatch/dp/B07G94WZWC
Guess Glitter Girl Silver Dial Stainless Steel Ladies Watch	106.29	Prime Shipping	0	8.24	2	1	8.24	5.99	Dream	Fashion	Amazon	https://www.amazon.com/Glitter-Silver-Stainless-Ladies-W0987L1/dp/B01N5NULV8
Nixon Watch Sentry Matte Black Gold Watch	128.96	Standard Shipping	0	10.49	14	5	12.1	10.93	Dream	Fashion	Amazon	https://www.amazon.com/Nixon-A105-1041-Sentry-Matte-Black/dp/B004TS15HG
Nixon Fashion/Nixon Base Tide Surf Watch	99.99	Prime Shipping	0	7.75	2		0	7.75	Dream	Fashion	Amazon	https://www.amazon.com/Nixon-Teller-A0451919-00-Womens-Sunray/dp/B07G1XPZWW
Gucci Flip Flops	210	Prime Shipping	0	16.28	3		0	16.28	Dream	Fashion	Amazon	https://shop.nordstrom.com/s/gucci-pursuit-rubber-slide-sandal-men/3408097?country=US&currency=USD&mrkgcl=760&mrkgadid=3313961681&utm_content=50089949991&utm_term=aud-370197395965:pla-370326467733&utm_channel=shopping_acq_p&sp_source=google&sp_campaign=95
Samsung Galaxy S9+ with 64GB Memory Unlocked - Midnight Black	739.99	Best Buy Shipping	0	57.35	3		0	57.35	Dream	Electronics	Amazon	https://www.bestbuy.com/site/samsung-galaxy-s9-64gb-unlocked-midnight-black/6191433.p?skuId=6191433
Apple - iPhone X with 64GB Memory Unlocked - Space Gray	899.99	Best Buy Shipping	0	69.75	3		0	69.75	Dream	Electronics	Amazon	https://www.bestbuy.com/site/apple-iphone-x-with-64gb-memory-cell-phone-unlocked-space-gray/6316064.p?skuId=6316064
LG - v40 ThinQ with 64GB Memory Unlocked - Aurora Black	799.99	Best Buy Shipping	0	62.12	3		0	62.12	Dream	Electronics	Amazon	https://www.bestbuy.com/site/lg-v40-thinq-with-64gb-memory-cell-phone-unlocked-aurora-black/6305718.p?skuId=6305718
Sony - XPERIA XZ3 with 64GB Memory Unlocked - White Silver	799.99	Best Buy Shipping	0	62.12	3		0	62.12	Dream	Electronics	Amazon	https://www.bestbuy.com/site/sony-xperia-xz3-with-64gb-memory-cell-phone-unlocked-white-silver/6301936.p?skuId=6301936
105cc Gas Mini Bike	399.99	Standard Shipping	0	31	7		0	31	Dream	Toys	Amazon	https://www.amazon.com/dp/B076F4Z197/ref=gbps_img_m15_e44d_3b3781df?smid=ATVPDKIKX0DER&pf_rd_p=b432e1de-c3b7-4f20-969a-6a641c7ce44d&pf_rd_s=merchandised-search-15&pf_rd_t=101&pf_rd_i=17911198011&pf_rd_m=ATVPDKIKX0DER&pf_rd_r=69NJR90055WG2KWTR47B
9''x15'' Upper Bounce Rectangular Trampoline	658.99	Standard Shipping	0	51.07	9		0	51.07	Dream	Toys	Amazon	https://www.amazon.com/dp/B00FLYAY3I/ref=gbps_img_m15_e44d_60fcc016?smid=A1DXN92KCKEQV4&pf_rd_p=b432e1de-c3b7-4f20-969a-6a641c7ce44d&pf_rd_s=merchandised-search-15&pf_rd_t=101&pf_rd_i=17911198011&pf_rd_m=ATVPDKIKX0DER&pf_rd_r=69NJR90055WG2KWTR47B
Boys Golf Club Set	116.25	Prime Shipping	0	9.01	2	1	13.99	10.09	Dream	Other	Amazon	https://www.amazon.com/Wilson-Unisex-Profile-Large-Right/dp/B01MUCXAY3/ref=sr_1_3?s=sporting-goods&ie=UTF8&qid=1544331541&sr=1-3&keywords=kids+golf+club+set
Mens Golf Club Set Left	317.39	Prime Shipping	0	24.6	2	1	19.99	26.15	Dream	Other	Amazon	https://www.amazon.com/Callaway-Mens-Strata-Complete-16-Piece/dp/B00R4OPRIA/ref=pd_day0_hl_200_3?_encoding=UTF8&pd_rd_i=B00R4OPRIA&pd_rd_r=5b8d20d3-fb6e-11e8-a96e-4dfbc2ecf4df&pd_rd_w=QJROC&pd_rd_wg=LQ44i&pf_rd_p=ad07871c-e646-4161-82c7-5ed0d4c85b07&pf_rd
Mens Golf Club Set Right	244.99	Prime Shipping	0	18.99	2	1	16.99	20.31	Dream	Other	Amazon	https://www.amazon.com/dp/B00QUXLQYK/ref=gbps_img_m15_e44d_cdf8be63?smid=ATVPDKIKX0DER&pf_rd_p=b432e1de-c3b7-4f20-969a-6a641c7ce44d&pf_rd_s=merchandised-search-15&pf_rd_t=101&pf_rd_i=17911198011&pf_rd_m=ATVPDKIKX0DER&pf_rd_r=69NJR90055WG2KWTR47B
Girls Golf Club Set 5-8 Years Old Left	242.8	Prime Shipping	0	18.82	2	1	13.99	19.9	Dream	Other	Amazon	https://www.amazon.com/dp/B00QUXLQYK/ref=gbps_img_m15_e44d_cdf8be63?smid=ATVPDKIKX0DER&pf_rd_p=b432e1de-c3b7-4f20-969a-6a641c7ce44d&pf_rd_s=merchandised-search-15&pf_rd_t=101&pf_rd_i=17911198011&pf_rd_m=ATVPDKIKX0DER&pf_rd_r=69NJR90055WG2KWTR47B
Girls Golf Club Set 9-12 Years Old Left	272.34	Prime Shipping	0	21.11	2		0	21.11	Dream	Other	Amazon	https://www.amazon.com/dp/B00QUXLQYK/ref=gbps_img_m15_e44d_cdf8be63?smid=ATVPDKIKX0DER&pf_rd_p=b432e1de-c3b7-4f20-969a-6a641c7ce44d&pf_rd_s=merchandised-search-15&pf_rd_t=101&pf_rd_i=17911198011&pf_rd_m=ATVPDKIKX0DER&pf_rd_r=69NJR90055WG2KWTR47B
Girls Golf Club Set Right	244.97	Prime Shipping	0	18.99	2	1	13.99	20.07	Dream	Other	Amazon	https://www.amazon.com/dp/B00QUXLQYK/ref=gbps_img_m15_e44d_cdf8be63?smid=ATVPDKIKX0DER&pf_rd_p=b432e1de-c3b7-4f20-969a-6a641c7ce44d&pf_rd_s=merchandised-search-15&pf_rd_t=101&pf_rd_i=17911198011&pf_rd_m=ATVPDKIKX0DER&pf_rd_r=69NJR90055WG2KWTR47B
Wilson Woman's Golf Club Set	159	Prime Shipping	0	12.32	2	1	16.99	13.64	Dream	Other	Amazon	https://www.amazon.com/Wilson-Golf-Womens-Ultra-Package/dp/B06XKP5HSC/ref=sr_1_3?s=sporting-goods&ie=UTF8&qid=1544331572&sr=1-3&keywords=women+golf+club+set+wilson
Infrared Laser Tag Set of 4	114.99	Prime Shipping	0	8.91	2	1	8.99	9.61	Dream	Toys	Amazon	https://www.amazon.com/dp/B076T9W19V/ref=gbps_img_m15_e44d_1b45a356?smid=A2FCW0JGE1MLII&pf_rd_p=b432e1de-c3b7-4f20-969a-6a641c7ce44d&pf_rd_s=merchandised-search-15&pf_rd_t=101&pf_rd_i=17911198011&pf_rd_m=ATVPDKIKX0DER&pf_rd_r=69NJR90055WG2KWTR47B
Shiatsu Foot Massager Machine	89.97	Prime Shipping	0		2	1	11.99	0	Dream	Electronics	Amazon	https://www.amazon.com/Shiatsu-Foot-Massager-Machine-Compression/dp/B07DBFJNKN/ref=sr_1_1_a_it?ie=UTF8&qid=1545082282&sr=8-1-spons&keywords=instashiatsu+foot+massager&psc=1
Premium Carbonator	229	Prime Shipping	0	17.75	2	1	9.99	17.75	Dream	Electronics	Amazon	https://www.amazon.com/gp/product/B07GG2BNV3?ref=oft18_d_B07GG66C7F_AL_14&th=1
Smoke-less Indoor BBQ Grill	228.18	Prime Shipping	0	17.68	2		0	17.68	Dream	Electronics	Amazon	https://www.amazon.com/gp/product/B07D12RYS8?ref=oft18_d_B07D12RYS8_AL_15
High End Espresso Maker	295.54	Prime Shipping	0	22.9	2		0	22.9	Dream	Electronics	Amazon	https://www.amazon.com/gp/product/B07DDCQ1B7?ref=oft18_d_B07DDCQ1B7_AL_55
Samsung Flat 55'' 4k UHD Smart TV 2018	1297.99	Prime Shipping	0	107.59	2		0	107.59	Dream	Electronics	Amazon	https://www.amazon.com/gp/product/B07BFTYT32?ref=oft18_d_B07BFTYT32_AL_57
Roomba 690 Robot Vacuum	247.99	Prime Shipping	0	19.22	2		0	19.22	Dream	Electronics	Amazon	https://www.amazon.com/dp/B06XRT2B3P/ref=sspa_dk_detail_0?psc=1&pd_rd_i=B06XRT2B3P&pd_rd_w=akxCD&pf_rd_p=f0dedbe2-13c8-4136-a746-4398ed93cf0f&pd_rd_wg=4i0Ok&pf_rd_r=WBP7F3YBX43K8HNHPRPV&pd_rd_r=42c05118-fb77-11e8-b705-cfc7af2bb581
Shootout Basketball Arcade Game	229.99	Standard Shipping	0					14.85	Dream	Toys	Amazon	https://www.amazon.com/dp/B07BZCVTTQ/ref=gbps_tit_m15_e44d_03fd5224?smid=ATVPDKIKX0DER&pf_rd_p=b432e1de-c3b7-4f20-969a-6a641c7ce44d&pf_rd_s=merchandised-search-15&pf_rd_t=101&pf_rd_i=17911198011&pf_rd_m=ATVPDKIKX0DER&pf_rd_r=G3BCRH9TD0CK56GJ49NN
ROG Zephyrus GX501 Ultra Slim Gaming Laptop	2149.99	Standard Shipping	0	172	9		0	172	Dream	Electronics	Amazon	https://www.amazon.com/Zephyrus-8th-Gen-IPS-Type-i7-8750H-processor/dp/B07BP9LSVS/ref=sr_1_5?s=pc&ie=UTF8&qid=1545082064&sr=1-5&keywords=asus+rog+laptop
Electric Go-Kart	249.99	Prime Shipping	0	19.37	2		0	19.37	Dream	Electronics	Amazon	https://www.amazon.com/dp/B07CV4GVSQ/ref=cm_gf_aTNN_i8_d_p0_qd12_____________________4QoBw6drVG9aRc8Exale


